name,lng,lat
中央音乐学院鼓浪屿音乐培训中心-南门, 118.081197, 24.447241
思明区中华街道老年学校, 118.086371, 24.457902
优能中学, 118.085924, 24.467622
中小学个性化学习辅导, 118.086285, 24.468454
厦门市大同小学-北门, 118.083508, 24.467054
思明区少年业余体育学校, 118.084343, 24.465928
上海音乐学院附中教学点, 118.078513, 24.448413
厦门市音乐学校-南门, 118.078225, 24.447756
渡引瑜伽学院(思北店), 118.08702, 24.467281
小学苑小区-北门, 118.083023, 24.469376
厦门市文安小学-东门, 118.086998, 24.458824
小学苑小区-南门, 118.082914, 24.468821
厦门市音乐学校-宿舍楼, 118.07895, 24.447929
厦门市定安小学-北门, 118.085102, 24.458927
厦门市音乐学校教师宿舍楼(东门), 118.078982, 24.448045
厦门市音乐学校教师宿舍楼(西北门), 118.078954, 24.448043
厦门市音乐学校-东门, 118.078513, 24.448413
理工学校宿舍, 118.081846, 24.466224
厦门工商旅游学校培训中心-西门, 118.084424, 24.457203
中央音乐学院继续教育学院-南门, 118.081386, 24.447223
思明区24小时自助图书馆(小学路), 118.082938, 24.46724
厦门市开禾小学-西南门, 118.080944, 24.463703
厦门市思明区中等职业学校, 118.084232, 24.466528
新东方(厦门学校思北泡泡校区), 118.085965, 24.468781
小学社区老年人体育协会, 118.08237, 24.468734
中央音乐学院鼓浪屿音乐培训中心-南门, 118.081197, 24.447241
思明区中华街道老年学校, 118.086371, 24.457902
优能中学, 118.085924, 24.467622
中小学个性化学习辅导, 118.086285, 24.468454
厦门市大同小学-北门, 118.083508, 24.467054
思明区少年业余体育学校, 118.084343, 24.465928
上海音乐学院附中教学点, 118.078513, 24.448413
厦门市音乐学校-南门, 118.078225, 24.447756
渡引瑜伽学院(思北店), 118.08702, 24.467281
小学苑小区-北门, 118.083023, 24.469376
厦门市文安小学-东门, 118.086998, 24.458824
小学苑小区-南门, 118.082914, 24.468821
厦门市音乐学校-宿舍楼, 118.07895, 24.447929
厦门市定安小学-北门, 118.085102, 24.458927
厦门市音乐学校教师宿舍楼(东门), 118.078982, 24.448045
厦门市音乐学校教师宿舍楼(西北门), 118.078954, 24.448043
厦门市音乐学校-东门, 118.078513, 24.448413
理工学校宿舍, 118.081846, 24.466224
厦门工商旅游学校培训中心-西门, 118.084424, 24.457203
中央音乐学院继续教育学院-南门, 118.081386, 24.447223
思明区24小时自助图书馆(小学路), 118.082938, 24.46724
厦门市开禾小学-西南门, 118.080944, 24.463703
厦门市思明区中等职业学校, 118.084232, 24.466528
新东方(厦门学校思北泡泡校区), 118.085965, 24.468781
小学社区老年人体育协会, 118.08237, 24.468734
中央音乐学院鼓浪屿音乐培训中心-南门, 118.081197, 24.447241
思明区中华街道老年学校, 118.086371, 24.457902
优能中学, 118.085924, 24.467622
中小学个性化学习辅导, 118.086285, 24.468454
厦门市大同小学-北门, 118.083508, 24.467054
思明区少年业余体育学校, 118.084343, 24.465928
上海音乐学院附中教学点, 118.078513, 24.448413
厦门市音乐学校-南门, 118.078225, 24.447756
渡引瑜伽学院(思北店), 118.08702, 24.467281
小学苑小区-北门, 118.083023, 24.469376
厦门市文安小学-东门, 118.086998, 24.458824
小学苑小区-南门, 118.082914, 24.468821
厦门市音乐学校-宿舍楼, 118.07895, 24.447929
厦门市定安小学-北门, 118.085102, 24.458927
厦门市音乐学校教师宿舍楼(东门), 118.078982, 24.448045
厦门市音乐学校教师宿舍楼(西北门), 118.078954, 24.448043
厦门市音乐学校-东门, 118.078513, 24.448413
理工学校宿舍, 118.081846, 24.466224
厦门工商旅游学校培训中心-西门, 118.084424, 24.457203
中央音乐学院继续教育学院-南门, 118.081386, 24.447223
思明区24小时自助图书馆(小学路), 118.082938, 24.46724
厦门市开禾小学-西南门, 118.080944, 24.463703
厦门市思明区中等职业学校, 118.084232, 24.466528
新东方(厦门学校思北泡泡校区), 118.085965, 24.468781
小学社区老年人体育协会, 118.08237, 24.468734
思明区少年业余体育学校, 118.084343, 24.465928
渡引瑜伽学院(思北店), 118.08702, 24.467281
小学苑小区-北门, 118.083023, 24.469376
厦门市文安小学-东门, 118.086998, 24.458824
小学苑小区-南门, 118.082914, 24.468821
厦门市定安小学-北门, 118.085102, 24.458927
理工学校宿舍, 118.081846, 24.466224
厦门工商旅游学校培训中心-西门, 118.084424, 24.457203
思明区24小时自助图书馆(小学路), 118.082938, 24.46724
厦门市开禾小学-西南门, 118.080944, 24.463703
厦门市思明区中等职业学校, 118.084232, 24.466528
新东方(厦门学校思北泡泡校区), 118.085965, 24.468781
小学社区老年人体育协会, 118.08237, 24.468734
新东方(厦门学校思北泡泡校区), 118.085965, 24.468781
小学社区老年人体育协会, 118.08237, 24.468734
厦门市思明小学, 118.096, 24.449709
厦门市公园小学-正门, 118.095572, 24.467975
厦门市大同中学-东门, 118.097306, 24.460576
厦门市城市建设中等职业学校, 118.095913, 24.471848
厦门市第十一中学(湖滨南路)-北门, 118.090886, 24.473009
福建省厦门双十中学-北门, 118.091866, 24.457525
巴西柔术格斗学院, 118.090533, 24.485492
福建省厦门实验小学-东门, 118.095747, 24.461529
厦门市群惠小学-东门, 118.091334, 24.458673
厦门城市职业学院继续教育中心(斗西校区), 118.092392, 24.471199
厦门市思北小学(北校区)-北门, 118.088717, 24.464191
小主美妆商学院, 118.091023, 24.468342
厦门市大同中学-同靖楼, 118.096883, 24.459834
福建省厦门实验小学-北门, 118.095061, 24.462021
厦门城市职业学院斗西校区-西门, 118.092307, 24.471297
福建省厦门实验小学-西南门, 118.093032, 24.461628
故宫小学-南门, 118.088475, 24.47072
厦门市思明小学-东门, 118.094633, 24.448447
厦门理工学院-学生宿舍, 118.093855, 24.450807
厦门理工学院奥鹏远程教育学习中心, 118.097223, 24.444998
厦门市思明小学, 118.096, 24.449709
厦门市公园小学-正门, 118.095572, 24.467975
厦门市大同中学-东门, 118.097306, 24.460576
厦门市城市建设中等职业学校, 118.095913, 24.471848
厦门市第十一中学(湖滨南路)-北门, 118.090886, 24.473009
福建省厦门双十中学-北门, 118.091866, 24.457525
巴西柔术格斗学院, 118.090533, 24.485492
福建省厦门实验小学-东门, 118.095747, 24.461529
厦门市群惠小学-东门, 118.091334, 24.458673
厦门城市职业学院继续教育中心(斗西校区), 118.092392, 24.471199
厦门市思北小学(北校区)-北门, 118.088717, 24.464191
小主美妆商学院, 118.091023, 24.468342
厦门市大同中学-同靖楼, 118.096883, 24.459834
福建省厦门实验小学-北门, 118.095061, 24.462021
厦门城市职业学院斗西校区-西门, 118.092307, 24.471297
福建省厦门实验小学-西南门, 118.093032, 24.461628
故宫小学-南门, 118.088475, 24.47072
厦门市思明小学-东门, 118.094633, 24.448447
厦门理工学院-学生宿舍, 118.093855, 24.450807
厦门理工学院奥鹏远程教育学习中心, 118.097223, 24.444998
厦门市东渡小学-正门, 118.091243, 24.495005
厦门市城市建设中等职业学校-西北门, 118.096041, 24.471867
未名教育一对一个性化辅导冲刺中高考家教培训学校(公园校区), 118.095796, 24.460688
思北小学-南门, 118.089383, 24.463629
昂乐教育(思明群惠小学分校), 118.091899, 24.45894
学霸君中小学在线1对1辅导, 118.094421, 24.459463
福建省厦门双十中学-南门, 118.092951, 24.45604
文书学院, 118.097091, 24.443251
厦门凤凰木美术培训学校, 118.096759, 24.449432
月牙棋苑(实验小学店), 118.095824, 24.460764
厦门市大同中学-西南门, 118.096041, 24.460515
厦门市第十一中学(湖滨南路)-南门, 118.090514, 24.471739
新南强法律教育培训学校, 118.090557, 24.485515
厦门城市职业学院终身教育服务中心, 118.092624, 24.471097
北京师范大学产业总公司文化教育部厦门学院, 118.095678, 24.44776
厦门理工学院继续教育学院校本部学习中心, 118.097054, 24.445073
厦门市园南小学-正门, 118.093828, 24.464157
福建省厦门第六中学校史馆, 118.095301, 24.501036
厦门六中学生宿舍, 118.096844, 24.50091
厦门市思明小学-南门, 118.096003, 24.449714
厦门市中华会计函授学校-南门, 118.090375, 24.468439
思明区教师进修学校-西北门, 118.097031, 24.444747
高兴的小鸟(实小校区), 118.095307, 24.462388
厦门市演武小学西区-东南门, 118.097373, 24.444188
公园小学游泳馆, 118.096279, 24.468388
厦门理工学院学生宿舍-西门, 118.094044, 24.450633
厦门医学院-东南门, 118.095248, 24.455629
厦门双十中学校友总会(校外秘书处), 118.088905, 24.471369
福建省厦门双十中学-卢祖荫科艺馆, 118.092447, 24.457165
厦门城市职业学院老年人体育协会, 118.092271, 24.471334
重庆大学校友总会厦门分会, 118.095635, 24.47364
顶顶学堂(故宫小学校区), 118.089085, 24.47068
厦门医学院(石泉校区), 118.095124, 24.455712
厦门市公园小学-正门, 118.095572, 24.467975
厦门市大同中学-东门, 118.097306, 24.460576
厦门市城市建设中等职业学校, 118.095913, 24.471848
厦门市第十一中学(湖滨南路)-北门, 118.090886, 24.473009
福建省厦门双十中学-北门, 118.091866, 24.457525
巴西柔术格斗学院, 118.090533, 24.485492
福建省厦门实验小学-东门, 118.095747, 24.461529
厦门市群惠小学-东门, 118.091334, 24.458673
厦门城市职业学院继续教育中心(斗西校区), 118.092392, 24.471199
厦门市思北小学(北校区)-北门, 118.088717, 24.464191
小主美妆商学院, 118.091023, 24.468342
厦门市大同中学-同靖楼, 118.096883, 24.459834
福建省厦门实验小学-北门, 118.095061, 24.462021
厦门城市职业学院斗西校区-西门, 118.092307, 24.471297
福建省厦门实验小学-西南门, 118.093032, 24.461628
厦门市思明小学-东门, 118.094633, 24.448447
厦门理工学院-学生宿舍, 118.093855, 24.450807
厦门理工学院奥鹏远程教育学习中心, 118.097223, 24.444998
厦门市东渡小学-正门, 118.091243, 24.495005
厦门市城市建设中等职业学校-西北门, 118.096041, 24.471867
未名教育一对一个性化辅导冲刺中高考家教培训学校(公园校区), 118.095796, 24.460688
思北小学-南门, 118.089383, 24.463629
昂乐教育(思明群惠小学分校), 118.091899, 24.45894
学霸君中小学在线1对1辅导, 118.094421, 24.459463
福建省厦门双十中学-南门, 118.092951, 24.45604
厦门凤凰木美术培训学校, 118.096759, 24.449432
故宫小学-南门, 118.088475, 24.47072
月牙棋苑(实验小学店), 118.095824, 24.460764
厦门市大同中学-西南门, 118.096041, 24.460515
厦门市第十一中学(湖滨南路)-南门, 118.090514, 24.471739
新南强法律教育培训学校, 118.090557, 24.485515
厦门城市职业学院终身教育服务中心, 118.092624, 24.471097
北京师范大学产业总公司文化教育部厦门学院, 118.095678, 24.44776
厦门理工学院继续教育学院校本部学习中心, 118.097054, 24.445073
厦门市园南小学-正门, 118.093828, 24.464157
福建省厦门第六中学校史馆, 118.095301, 24.501036
厦门六中学生宿舍, 118.096844, 24.50091
厦门市思明小学-南门, 118.096003, 24.449714
厦门市中华会计函授学校-南门, 118.090375, 24.468439
思明区教师进修学校-西北门, 118.097031, 24.444747
高兴的小鸟(实小校区), 118.095307, 24.462388
厦门市演武小学西区-东南门, 118.097373, 24.444188
公园小学游泳馆, 118.096279, 24.468388
厦门理工学院学生宿舍-西门, 118.094044, 24.450633
厦门医学院-东南门, 118.095248, 24.455629
厦门双十中学校友总会(校外秘书处), 118.088905, 24.471369
福建省厦门双十中学-卢祖荫科艺馆, 118.092447, 24.457165
厦门城市职业学院老年人体育协会, 118.092271, 24.471334
重庆大学校友总会厦门分会, 118.095635, 24.47364
顶顶学堂(故宫小学校区), 118.089085, 24.47068
福建省厦门双十中学-北门, 118.091866, 24.457525
厦门城市职业学院斗西校区-西门, 118.092307, 24.471297
巴西柔术格斗学院, 118.090533, 24.485492
福建省厦门实验小学-东门, 118.095747, 24.461529
厦门市群惠小学-东门, 118.091334, 24.458673
厦门城市职业学院继续教育中心(斗西校区), 118.092392, 24.471199
厦门市思北小学(北校区)-北门, 118.088717, 24.464191
小主美妆商学院, 118.091023, 24.468342
厦门市大同中学-同靖楼, 118.096883, 24.459834
福建省厦门实验小学-北门, 118.095061, 24.462021
福建省厦门实验小学-西南门, 118.093032, 24.461628
厦门市东渡小学-正门, 118.091243, 24.495005
厦门市城市建设中等职业学校-西北门, 118.096041, 24.471867
未名教育一对一个性化辅导冲刺中高考家教培训学校(公园校区), 118.095796, 24.460688
思北小学-南门, 118.089383, 24.463629
昂乐教育(思明群惠小学分校), 118.091899, 24.45894
学霸君中小学在线1对1辅导, 118.094421, 24.459463
福建省厦门双十中学-南门, 118.092951, 24.45604
故宫小学-南门, 118.088475, 24.47072
月牙棋苑(实验小学店), 118.095824, 24.460764
厦门市大同中学-西南门, 118.096041, 24.460515
厦门市第十一中学(湖滨南路)-南门, 118.090514, 24.471739
新南强法律教育培训学校, 118.090557, 24.485515
厦门城市职业学院终身教育服务中心, 118.092624, 24.471097
厦门市园南小学-正门, 118.093828, 24.464157
福建省厦门第六中学校史馆, 118.095301, 24.501036
厦门六中学生宿舍, 118.096844, 24.50091
厦门市中华会计函授学校-南门, 118.090375, 24.468439
高兴的小鸟(实小校区), 118.095307, 24.462388
公园小学游泳馆, 118.096279, 24.468388
厦门医学院-东南门, 118.095248, 24.455629
厦门双十中学校友总会(校外秘书处), 118.088905, 24.471369
福建省厦门双十中学-卢祖荫科艺馆, 118.092447, 24.457165
厦门城市职业学院老年人体育协会, 118.092271, 24.471334
重庆大学校友总会厦门分会, 118.095635, 24.47364
顶顶学堂(故宫小学校区), 118.089085, 24.47068
厦门市东渡小学-正门, 118.091243, 24.495005
厦门市城市建设中等职业学校-西北门, 118.096041, 24.471867
故宫小学-南门, 118.088475, 24.47072
厦门市第十一中学(湖滨南路)-南门, 118.090514, 24.471739
新南强法律教育培训学校, 118.090557, 24.485515
厦门城市职业学院终身教育服务中心, 118.092624, 24.471097
厦门市园南小学-正门, 118.093828, 24.464157
福建省厦门第六中学校史馆, 118.095301, 24.501036
厦门六中学生宿舍, 118.096844, 24.50091
厦门市中华会计函授学校-南门, 118.090375, 24.468439
公园小学游泳馆, 118.096279, 24.468388
厦门双十中学校友总会(校外秘书处), 118.088905, 24.471369
厦门城市职业学院老年人体育协会, 118.092271, 24.471334
重庆大学校友总会厦门分会, 118.095635, 24.47364
顶顶学堂(故宫小学校区), 118.089085, 24.47068
厦门大学(思明校区)-颂恩楼, 118.103709, 24.443425
福建省厦门第一中学-西北门, 118.10495, 24.465805
厦门大学材料学院材料科学与工程系, 118.104698, 24.447185
厦门大学(思明校区)-庄汉水楼, 118.103023, 24.44395
新东方(厦门学校源昌校区), 118.107394, 24.478356
昱星学校, 118.101362, 24.476463
厦门大学(思明校区)-新闻传播学院, 118.107094, 24.439953
厦门大学(思明校区)-群贤楼, 118.101813, 24.442947
厦门外国语学校-东门, 118.098975, 24.484465
新东方学校(溪岸路), 118.099383, 24.46907
厦门大学(思明校区)-克立楼, 118.10524, 24.444913
厦门大学(思明校区)-卢嘉锡楼, 118.100297, 24.444496
厦门大学(思明校区)-南光楼, 118.105191, 24.440312
厦门第一中学-日新楼, 118.104134, 24.465149
厦门大学(思明校区)-曾呈奎楼, 118.10185, 24.439317
厦门大学海洋与环境学院, 118.101869, 24.439332
厦门大学(思明校区)-管理学院, 118.10414, 24.444277
厦门大学(思明校区)-集美二号楼, 118.102748, 24.442978
厦门大学-马克思主义学院, 118.100431, 24.443556
厦门康桥中学-正门, 118.105503, 24.492667
厦门市湖里中学(南山路)-北门, 118.105174, 24.509794
厦门大学建筑与土木工程学院, 118.101957, 24.439481
厦门大学(思明校区)-科学楼, 118.104758, 24.447369
厦门市华侨中学-南1门, 118.097931, 24.450838
厦门外国语学校-西门, 118.098388, 24.483947
亿丰电商学院, 118.106819, 24.525946
厦门大学(思明校区)-祖营楼, 118.103363, 24.443082
厦门外国语学校附属小学-西门, 118.107081, 24.479786
厦门大学(思明校区)-蔡清洁楼, 118.106326, 24.440507
厦门大学(思明校区)-成智楼, 118.105973, 24.439973
厦门大学(思明校区)-化学化工学院, 118.10025, 24.444271
厦门大学(思明校区)-建文楼, 118.104759, 24.445194
厦门大学人文学院, 118.105226, 24.440292
厦门大学-研究生院, 118.10351, 24.443507
厦门大学(思明校区)-材料学院, 118.10462, 24.446819
厦门大学(思明校区)-化学楼, 118.101028, 24.444722
厦门市滨北小学-东门, 118.099618, 24.49468
厦门市寨上小学-明扬楼, 118.104985, 24.52948
厦门西点培训学校, 118.105411, 24.520657
厦门外国语学校(初中部)-宿舍楼, 118.098446, 24.48474
厦门城市党建学院-东北门, 118.100208, 24.464681
厦门市仙岳小学-北门, 118.102413, 24.497105
厦门市演武小学-北门, 118.098583, 24.445376
厦门市华侨中学-南2门, 118.0975, 24.450752
厦门第一中学-南门, 118.103746, 24.462974
厦门大学集美楼(凌峰路店), 118.102532, 24.442574
厦门大学(思明校区)-同安二号楼, 118.101332, 24.443619
厦门大学(思明校区)-公共事务学院, 118.106085, 24.439729
厦门市湖里中学(南山路)-东门, 118.105363, 24.509664
福建省厦门第一中学-厚德楼, 118.10583, 24.466044
厦门大学(思明校区)-凌峰电镜楼, 118.104696, 24.446872
厦门市寨上小学-南门, 118.10599, 24.528781
幸福路口咖啡学院, 118.09911, 24.468071
厦门第一中学-东门, 118.105956, 24.46636
厦门大学-海外教育学院, 118.106702, 24.440025
厦门市华昌小学-东门, 118.103871, 24.513764
厦门大学建筑与土木工程学院土木工程系-教师工作室, 118.106109, 24.440479
厦门市东渡第二小学-南门, 118.098443, 24.499339
厦门大学(思明校区)祖营楼-航空航天学院, 118.103468, 24.442908
厦门市华昌小学-西门, 118.103333, 24.513394
福州京浪教育培训学校(厦门分校), 118.099269, 24.468672
厦门大学建筑与土木工程学院-建筑系, 118.101775, 24.439341
厦门大学(思明校区)-桂华山楼, 118.10276, 24.443702
厦门市滨北小学-拾穗楼, 118.09795, 24.49438
树道者华昌小学校区, 118.104551, 24.51317
华悦学校-萌星音乐, 118.106861, 24.522413
厦门市仙岳小学-东门, 118.103151, 24.496735
厦门大学(思明校区)-同安楼, 118.101099, 24.443238
寨上小学-馨港少儿之家, 118.106803, 24.528806
厦门市滨北小学-南门, 118.099442, 24.494865
厦门大学(思明校区)同安二号楼-化学工程与生物工程系, 118.101285, 24.443632
厦门大学(思明校区)化学化工学院-西门, 118.100261, 24.444381
厦门大学管理学院EDP中心, 118.10438, 24.444092
厦门市滨北小学-西门, 118.098202, 24.487246
厦门大学(体育教学部), 118.10003, 24.442093
厦门第一中学-西北一门, 118.105905, 24.46645
厦门大学(思明校区)材料学院-生物材料系, 118.10462, 24.446819
厦门大学-接待服务中心, 118.104984, 24.444495
厦门大学公共事务学院-东侧门, 118.105984, 24.439452
厦门市华昌小学-南门, 118.103405, 24.513279
厦门大学-公共外语教学中心, 118.101985, 24.443949
厦门市湖里中学(南山路)-西北门, 118.106576, 24.508409
湖滨小学-北门, 118.098166, 24.472299
外国语学校教师宿舍, 118.098551, 24.483946
厦门大学(思明校区)同安二号楼-化学系, 118.101318, 24.443686
厦门一中一号报告厅, 118.104801, 24.465414
厦门大学(思明校区)同安二号楼-化学生物学系, 118.101294, 24.443633
厦门理工学院接待中心, 118.097451, 24.446562
厦门大学校友总会, 118.105163, 24.445575
厦门市华侨中学-体育馆, 118.098168, 24.451189
厦门市公安局思明分局大学路派出所, 118.105991, 24.446933
中山公园实验小学社区, 118.100809, 24.464255
厦门大学(思明校区)-颂恩楼, 118.103709, 24.443425
福建省厦门第一中学-西北门, 118.10495, 24.465805
厦门大学材料学院材料科学与工程系, 118.104698, 24.447185
厦门大学(思明校区)-庄汉水楼, 118.103023, 24.44395
新东方(厦门学校源昌校区), 118.107394, 24.478356
昱星学校, 118.101362, 24.476463
厦门大学(思明校区)-新闻传播学院, 118.107094, 24.439953
厦门大学(思明校区)-群贤楼, 118.101813, 24.442947
厦门外国语学校-东门, 118.098975, 24.484465
新东方学校(溪岸路), 118.099383, 24.46907
厦门大学(思明校区)-克立楼, 118.10524, 24.444913
厦门大学(思明校区)-卢嘉锡楼, 118.100297, 24.444496
厦门大学(思明校区)-南光楼, 118.105191, 24.440312
厦门第一中学-日新楼, 118.104134, 24.465149
厦门大学(思明校区)-曾呈奎楼, 118.10185, 24.439317
厦门大学海洋与环境学院, 118.101869, 24.439332
厦门大学(思明校区)-管理学院, 118.10414, 24.444277
厦门大学(思明校区)-集美二号楼, 118.102748, 24.442978
厦门大学-马克思主义学院, 118.100431, 24.443556
厦门康桥中学-正门, 118.105503, 24.492667
厦门市湖里中学(南山路)-北门, 118.105174, 24.509794
厦门大学建筑与土木工程学院, 118.101957, 24.439481
厦门大学(思明校区)-科学楼, 118.104758, 24.447369
厦门市华侨中学-南1门, 118.097931, 24.450838
厦门外国语学校-西门, 118.098388, 24.483947
亿丰电商学院, 118.106819, 24.525946
厦门大学(思明校区)-祖营楼, 118.103363, 24.443082
厦门外国语学校附属小学-西门, 118.107081, 24.479786
厦门大学(思明校区)-蔡清洁楼, 118.106326, 24.440507
厦门大学(思明校区)-成智楼, 118.105973, 24.439973
厦门大学(思明校区)-化学化工学院, 118.10025, 24.444271
厦门大学(思明校区)-建文楼, 118.104759, 24.445194
厦门大学人文学院, 118.105226, 24.440292
厦门大学-研究生院, 118.10351, 24.443507
厦门大学(思明校区)-材料学院, 118.10462, 24.446819
厦门大学(思明校区)-化学楼, 118.101028, 24.444722
厦门市滨北小学-东门, 118.099618, 24.49468
厦门市寨上小学-明扬楼, 118.104985, 24.52948
厦门西点培训学校, 118.105411, 24.520657
厦门外国语学校(初中部)-宿舍楼, 118.098446, 24.48474
厦门城市党建学院-东北门, 118.100208, 24.464681
厦门市仙岳小学-北门, 118.102413, 24.497105
厦门市演武小学-北门, 118.098583, 24.445376
厦门市华侨中学-南2门, 118.0975, 24.450752
厦门第一中学-南门, 118.103746, 24.462974
厦门大学集美楼(凌峰路店), 118.102532, 24.442574
厦门大学(思明校区)-同安二号楼, 118.101332, 24.443619
厦门大学(思明校区)-公共事务学院, 118.106085, 24.439729
厦门市湖里中学(南山路)-东门, 118.105363, 24.509664
福建省厦门第一中学-厚德楼, 118.10583, 24.466044
厦门大学(思明校区)-凌峰电镜楼, 118.104696, 24.446872
厦门市寨上小学-南门, 118.10599, 24.528781
幸福路口咖啡学院, 118.09911, 24.468071
厦门第一中学-东门, 118.105956, 24.46636
厦门大学-海外教育学院, 118.106702, 24.440025
厦门市华昌小学-东门, 118.103871, 24.513764
厦门大学建筑与土木工程学院土木工程系-教师工作室, 118.106109, 24.440479
厦门市东渡第二小学-南门, 118.098443, 24.499339
厦门大学(思明校区)祖营楼-航空航天学院, 118.103468, 24.442908
厦门市华昌小学-西门, 118.103333, 24.513394
福州京浪教育培训学校(厦门分校), 118.099269, 24.468672
厦门大学建筑与土木工程学院-建筑系, 118.101775, 24.439341
厦门大学(思明校区)-桂华山楼, 118.10276, 24.443702
厦门市滨北小学-拾穗楼, 118.09795, 24.49438
树道者华昌小学校区, 118.104551, 24.51317
华悦学校-萌星音乐, 118.106861, 24.522413
厦门市仙岳小学-东门, 118.103151, 24.496735
厦门大学(思明校区)-同安楼, 118.101099, 24.443238
寨上小学-馨港少儿之家, 118.106803, 24.528806
厦门市滨北小学-南门, 118.099442, 24.494865
厦门大学(思明校区)同安二号楼-化学工程与生物工程系, 118.101285, 24.443632
厦门大学(思明校区)化学化工学院-西门, 118.100261, 24.444381
厦门大学管理学院EDP中心, 118.10438, 24.444092
厦门市滨北小学-西门, 118.098202, 24.487246
厦门大学(体育教学部), 118.10003, 24.442093
厦门第一中学-西北一门, 118.105905, 24.46645
厦门大学(思明校区)材料学院-生物材料系, 118.10462, 24.446819
厦门大学-接待服务中心, 118.104984, 24.444495
厦门大学公共事务学院-东侧门, 118.105984, 24.439452
厦门市华昌小学-南门, 118.103405, 24.513279
厦门大学-公共外语教学中心, 118.101985, 24.443949
厦门市湖里中学(南山路)-西北门, 118.106576, 24.508409
湖滨小学-北门, 118.098166, 24.472299
外国语学校教师宿舍, 118.098551, 24.483946
厦门大学(思明校区)同安二号楼-化学系, 118.101318, 24.443686
厦门一中一号报告厅, 118.104801, 24.465414
厦门大学(思明校区)同安二号楼-化学生物学系, 118.101294, 24.443633
厦门理工学院接待中心, 118.097451, 24.446562
厦门大学校友总会, 118.105163, 24.445575
厦门市华侨中学-体育馆, 118.098168, 24.451189
厦门市公安局思明分局大学路派出所, 118.105991, 24.446933
中山公园实验小学社区, 118.100809, 24.464255
福建省厦门第一中学-振万教学楼, 118.102994, 24.464258
厦门大学材料学院材料科学与工程系, 118.104698, 24.447185
厦门大学(思明校区)-化学楼, 118.101028, 24.444722
厦门大学(思明校区)-庄汉水楼, 118.103023, 24.44395
新东方(厦门学校源昌校区), 118.107394, 24.478356
厦门大学(思明校区)-材料学院, 118.10462, 24.446819
厦门外国语学校-东门, 118.098975, 24.484465
厦门大学(思明校区)-克立楼, 118.10524, 24.444913
厦门大学(思明校区)-卢嘉锡楼, 118.100297, 24.444496
厦门第一中学-日新楼, 118.104134, 24.465149
厦门大学(思明校区)-管理学院, 118.10414, 24.444277
厦门康桥中学-正门, 118.105503, 24.492667
厦门市湖里中学(南山路)-北门, 118.105174, 24.509794
厦门大学(思明校区)-建文楼, 118.104759, 24.445194
厦门大学(思明校区)-科学楼, 118.104758, 24.447369
厦门市华侨中学-南1门, 118.097931, 24.450838
厦门外国语学校-西门, 118.098388, 24.483947
厦门外国语学校附属小学-西门, 118.107081, 24.479786
厦门大学(思明校区)-化学化工学院, 118.10025, 24.444271
厦门第一中学-东门, 118.105956, 24.46636
亿丰电商学院, 118.106819, 24.525946
厦门市滨北小学-东门, 118.099618, 24.49468
厦门西点培训学校, 118.105411, 24.520657
厦门外国语学校(初中部)-宿舍楼, 118.098446, 24.48474
厦门城市党建学院-东北门, 118.100208, 24.464681
厦门市仙岳小学-北门, 118.102413, 24.497105
厦门市演武小学-北门, 118.098583, 24.445376
厦门市华侨中学-南2门, 118.0975, 24.450752
厦门第一中学-南门, 118.103746, 24.462974
幸福路口咖啡学院, 118.09911, 24.468071
厦门大学(思明校区)基金楼-外文学院教学实验中心, 118.102065, 24.443772
厦门市湖里中学(南山路)-东门, 118.105363, 24.509664
福建省厦门第一中学-厚德楼, 118.10583, 24.466044
厦门大学(思明校区)-凌峰电镜楼, 118.104696, 24.446872
厦门市寨上小学-南门, 118.10599, 24.528781
厦门市寨上小学-明扬楼, 118.104985, 24.52948
厦门市华昌小学-东门, 118.103871, 24.513764
厦门市东渡第二小学-南门, 118.098443, 24.499339
厦门市华昌小学-西门, 118.103333, 24.513394
福州京浪教育培训学校(厦门分校), 118.099269, 24.468672
厦门大学(思明校区)-桂华山楼, 118.10276, 24.443702
厦门市滨北小学-拾穗楼, 118.09795, 24.49438
树道者华昌小学校区, 118.104551, 24.51317
厦门一中学生公寓, 118.104322, 24.464903
华悦学校-萌星音乐, 118.106861, 24.522413
厦门市仙岳小学-东门, 118.103151, 24.496735
寨上小学-馨港少儿之家, 118.106803, 24.528806
厦门市滨北小学-南门, 118.099442, 24.494865
厦门大学(思明校区)化学化工学院-西门, 118.100261, 24.444381
厦门大学管理学院EDP中心, 118.10438, 24.444092
厦门外国语学校-图书馆, 118.098647, 24.483674
厦门市滨北小学-西门, 118.098202, 24.487246
厦门第一中学-西北一门, 118.105905, 24.46645
厦门大学(思明校区)材料学院-生物材料系, 118.10462, 24.446819
厦门大学材料学院-圣诺楼, 118.104456, 24.446412
厦门市湖里中学-西1门, 118.104074, 24.508598
厦门大学-接待服务中心, 118.104984, 24.444495
厦门理工学院(思明校区)-托管园, 118.097724, 24.444748
厦门一中学生公寓-东南门, 118.10435, 24.465156
厦门大学(思明校区)化学化工学院-北门, 118.1009, 24.444762
厦门市华昌小学-南门, 118.103405, 24.513279
厦门大学-公共外语教学中心, 118.101985, 24.443949
厦门市湖里中学(南山路)-西北门, 118.106576, 24.508409
湖滨小学-北门, 118.098166, 24.472299
外国语学校教师宿舍, 118.098551, 24.483946
厦门大学(思明校区)同安二号楼-化学系, 118.101318, 24.443686
厦门一中一号报告厅, 118.104801, 24.465414
厦门理工学院接待中心, 118.097451, 24.446562
厦门大学校友总会, 118.105163, 24.445575
厦门市华侨中学-体育馆, 118.098168, 24.451189
厦门市公安局思明分局大学路派出所, 118.105991, 24.446933
中山公园实验小学社区, 118.100809, 24.464255
厦门第一中学-日新楼, 118.104134, 24.465149
厦门康桥中学-正门, 118.105503, 24.492667
厦门市湖里中学(南山路)-北门, 118.105174, 24.509794
厦门外国语学校-西门, 118.098388, 24.483947
厦门外国语学校附属小学-西门, 118.107081, 24.479786
厦门第一中学-南门, 118.103746, 24.462974
厦门第一中学-东门, 118.105956, 24.46636
亿丰电商学院, 118.106819, 24.525946
厦门市滨北小学-东门, 118.099618, 24.49468
厦门西点培训学校, 118.105411, 24.520657
厦门外国语学校(初中部)-宿舍楼, 118.098446, 24.48474
厦门市仙岳小学-北门, 118.102413, 24.497105
厦门城市党建学院-东北门, 118.100208, 24.464681
幸福路口咖啡学院, 118.09911, 24.468071
厦门市湖里中学(南山路)-东门, 118.105363, 24.509664
福建省厦门第一中学-厚德楼, 118.10583, 24.466044
厦门市寨上小学-南门, 118.10599, 24.528781
厦门市寨上小学-明扬楼, 118.104985, 24.52948
厦门市东渡第二小学-南门, 118.098443, 24.499339
厦门市华昌小学-东门, 118.103871, 24.513764
厦门市华昌小学-西门, 118.103333, 24.513394
福州京浪教育培训学校(厦门分校), 118.099269, 24.468672
厦门市滨北小学-拾穗楼, 118.09795, 24.49438
树道者华昌小学校区, 118.104551, 24.51317
华悦学校-萌星音乐, 118.106861, 24.522413
厦门市仙岳小学-东门, 118.103151, 24.496735
寨上小学-馨港少儿之家, 118.106803, 24.528806
厦门市滨北小学-南门, 118.099442, 24.494865
厦门一中学生公寓, 118.104322, 24.464903
厦门市滨北小学-西门, 118.098202, 24.487246
厦门第一中学-西北一门, 118.105905, 24.46645
厦门外国语学校-图书馆, 118.098647, 24.483674
厦门市湖里中学-西1门, 118.104074, 24.508598
厦门市华昌小学-南门, 118.103405, 24.513279
厦门市湖里中学(南山路)-西北门, 118.106576, 24.508409
湖滨小学-北门, 118.098166, 24.472299
外国语学校教师宿舍, 118.098551, 24.483946
厦门一中学生公寓-东南门, 118.10435, 24.465156
厦门一中一号报告厅, 118.104801, 24.465414
中山公园实验小学社区, 118.100809, 24.464255
厦门第一中学-日新楼, 118.104134, 24.465149
厦门康桥中学-正门, 118.105503, 24.492667
厦门市湖里中学(南山路)-北门, 118.105174, 24.509794
厦门外国语学校-西门, 118.098388, 24.483947
厦门外国语学校附属小学-西门, 118.107081, 24.479786
厦门第一中学-东门, 118.105956, 24.46636
亿丰电商学院, 118.106819, 24.525946
厦门市滨北小学-东门, 118.099618, 24.49468
厦门西点培训学校, 118.105411, 24.520657
厦门外国语学校(初中部)-宿舍楼, 118.098446, 24.48474
厦门市仙岳小学-北门, 118.102413, 24.497105
厦门城市党建学院-东北门, 118.100208, 24.464681
幸福路口咖啡学院, 118.09911, 24.468071
厦门市湖里中学(南山路)-东门, 118.105363, 24.509664
福建省厦门第一中学-厚德楼, 118.10583, 24.466044
厦门市寨上小学-南门, 118.10599, 24.528781
厦门市寨上小学-明扬楼, 118.104985, 24.52948
厦门市东渡第二小学-南门, 118.098443, 24.499339
厦门市华昌小学-东门, 118.103871, 24.513764
厦门市华昌小学-西门, 118.103333, 24.513394
福州京浪教育培训学校(厦门分校), 118.099269, 24.468672
厦门市滨北小学-拾穗楼, 118.09795, 24.49438
树道者华昌小学校区, 118.104551, 24.51317
华悦学校-萌星音乐, 118.106861, 24.522413
厦门市仙岳小学-东门, 118.103151, 24.496735
寨上小学-馨港少儿之家, 118.106803, 24.528806
厦门市滨北小学-南门, 118.099442, 24.494865
厦门一中学生公寓, 118.104322, 24.464903
厦门市滨北小学-西门, 118.098202, 24.487246
厦门第一中学-西北一门, 118.105905, 24.46645
厦门外国语学校-图书馆, 118.098647, 24.483674
厦门市湖里中学-西1门, 118.104074, 24.508598
厦门市华昌小学-南门, 118.103405, 24.513279
厦门市湖里中学(南山路)-西北门, 118.106576, 24.508409
湖滨小学-北门, 118.098166, 24.472299
外国语学校教师宿舍, 118.098551, 24.483946
厦门一中学生公寓-东南门, 118.10435, 24.465156
厦门一中一号报告厅, 118.104801, 24.465414
中山公园实验小学社区, 118.100809, 24.464255
厦门市滨北小学-东门, 118.099618, 24.49468
厦门西点培训学校, 118.105411, 24.520657
厦门外国语学校(初中部)-宿舍楼, 118.098446, 24.48474
厦门市仙岳小学-北门, 118.102413, 24.497105
厦门市湖里中学(南山路)-东门, 118.105363, 24.509664
厦门市寨上小学-南门, 118.10599, 24.528781
厦门市寨上小学-明扬楼, 118.104985, 24.52948
厦门市东渡第二小学-南门, 118.098443, 24.499339
厦门市华昌小学-东门, 118.103871, 24.513764
厦门市华昌小学-西门, 118.103333, 24.513394
厦门市滨北小学-拾穗楼, 118.09795, 24.49438
树道者华昌小学校区, 118.104551, 24.51317
华悦学校-萌星音乐, 118.106861, 24.522413
厦门市仙岳小学-东门, 118.103151, 24.496735
寨上小学-馨港少儿之家, 118.106803, 24.528806
厦门市滨北小学-南门, 118.099442, 24.494865
厦门市滨北小学-西门, 118.098202, 24.487246
厦门外国语学校-图书馆, 118.098647, 24.483674
厦门市湖里中学-西1门, 118.104074, 24.508598
厦门市华昌小学-南门, 118.103405, 24.513279
厦门市湖里中学(南山路)-西北门, 118.106576, 24.508409
外国语学校教师宿舍, 118.098551, 24.483946
厦门市仙岳小学-北门, 118.102413, 24.497105
厦门市湖里中学(南山路)-东门, 118.105363, 24.509664
厦门市寨上小学-南门, 118.10599, 24.528781
厦门市寨上小学-明扬楼, 118.104985, 24.52948
厦门市东渡第二小学-南门, 118.098443, 24.499339
厦门市华昌小学-东门, 118.103871, 24.513764
厦门市华昌小学-西门, 118.103333, 24.513394
厦门市滨北小学-拾穗楼, 118.09795, 24.49438
树道者华昌小学校区, 118.104551, 24.51317
华悦学校-萌星音乐, 118.106861, 24.522413
厦门市仙岳小学-东门, 118.103151, 24.496735
寨上小学-馨港少儿之家, 118.106803, 24.528806
厦门市滨北小学-南门, 118.099442, 24.494865
厦门市滨北小学-西门, 118.098202, 24.487246
厦门外国语学校-图书馆, 118.098647, 24.483674
厦门市湖里中学-西1门, 118.104074, 24.508598
厦门市华昌小学-南门, 118.103405, 24.513279
厦门市湖里中学(南山路)-西北门, 118.106576, 24.508409
外国语学校教师宿舍, 118.098551, 24.483946
厦门市滨北小学-拾穗楼, 118.09795, 24.49438
树道者华昌小学校区, 118.104551, 24.51317
华悦学校-萌星音乐, 118.106861, 24.522413
厦门市仙岳小学-东门, 118.103151, 24.496735
寨上小学-馨港少儿之家, 118.106803, 24.528806
厦门市滨北小学-南门, 118.099442, 24.494865
厦门市湖里中学-西1门, 118.104074, 24.508598
厦门市华昌小学-南门, 118.103405, 24.513279
厦门市湖里中学(南山路)-西北门, 118.106576, 24.508409
厦门技师学院职业技术培训中心, 118.113729, 24.465087
蓝眼睛美术学校, 118.11146, 24.472754
厦门大学-外文学院, 118.108058, 24.440154
快乐学习中小学全科教育, 118.112341, 24.471189
国兰花尚插花花艺培训学校, 118.113584, 24.474973
厦门市体育舞蹈培训学校, 118.116105, 24.492189
南色创想美术学院(文灶校区), 118.112397, 24.470697
厦门市槟榔小学-正门, 118.116995, 24.487106
厦门市槟榔中学-正门, 118.116636, 24.48751
厦门市湖里中心小学-东门, 118.110278, 24.508972
厦门经济管理学院-A栋教学楼, 118.108538, 24.462369
新东方(厦门学校文灶校区), 118.11099, 24.472618
厦门海洋学院-西门, 118.110337, 24.494458
新东方(厦门学校金榜校区), 118.115283, 24.472878
厦门市湖滨中学-南门, 118.113057, 24.479679
4C咖啡文创学院, 118.116853, 24.528424
厦门海洋学院-实验楼, 118.111414, 24.494061
厦门旭初财税培训学校, 118.115219, 24.472984
厦门市思明第二实验小学-慧雅楼, 118.113712, 24.465432
厦门市滨东小学-正门, 118.11466, 24.48246
厦门市槟榔中学校园综合治理办公室, 118.116069, 24.48723
厦门海洋学院-综合楼, 118.113412, 24.49439
厦门外国语学校附属小学-东门, 118.108256, 24.479648
顶顶学堂(湖里中心小学店), 118.109164, 24.509352
厦门经济管理学院-北门, 118.109166, 24.463323
厦门大学艺术学院A楼, 118.116078, 24.436955
厦门大学-综合楼, 118.1084, 24.442659
华悦学校-正门, 118.107643, 24.522156
Let syoga来此瑜伽(空中学院店), 118.108885, 24.517941
厦门市湖里中心小学-北门, 118.109836, 24.509483
厦门大学(思明校区)-后勤服务综合楼, 118.109498, 24.441488
厦门海洋学院-办公楼, 118.112221, 24.49385
厦门市天安小学-正门, 118.115217, 24.520977
海洋职业学院学生公寓-2号楼, 118.110605, 24.49457
厦门海洋学院-教学楼, 118.11128, 24.494389
世纪蓝海培训学校(文园校区), 118.107686, 24.467505
厦门经济管理学院-综合楼, 118.108803, 24.462824
厦门市第九中学-西南门, 118.114985, 24.471322
厦门市湖里区金色花文化艺术培训学校, 118.112641, 24.528729
厦门市翔鹭小学-西南门, 118.109116, 24.531616
月阳中小学午托, 118.11672, 24.487969
厦门市高殿中心小学-东门, 118.117333, 24.536022
利芙耶形象设计商学院, 118.116539, 24.539542
汉英语学校, 118.110951, 24.473007
厦门市高殿中心小学-北门, 118.116702, 24.536617
厦门黄冈中学(网校湖里校区), 118.108029, 24.532582
厦门市高殿中心小学-东1门, 118.116753, 24.536637
厦门大学心理咨询与教育中心, 118.107513, 24.440634
海洋学院教工宿舍9号楼, 118.110646, 24.494268
厦门市思明第二实验小学-南门, 118.113076, 24.465269
外文学院教工俱乐部, 118.108085, 24.440055
厦门海洋学院(成教部)奥鹏远程教育学习中心, 118.112639, 24.493495
厦大幼儿园, 118.110252, 24.438686
厦门大学学生公寓-学生工作办公室, 118.107646, 24.44203
厦门经济管理学院-网球场, 118.109324, 24.461145
可爱学(万寿实验二小校区), 118.11274, 24.464065
厦门外国语学校(湖里分校)-西南门, 118.108472, 24.533681
厦门市翔鹭小学-西北门, 118.108927, 24.533135
渡引瑜伽学院(帝豪店), 118.111295, 24.471908
厦门技师学院(西南门), 118.113808, 24.464957
厦门市康乐小学-启航教育, 118.107717, 24.509714
厦门大学归国华侨联合会, 118.107816, 24.443271
自然灾害避灾点(厦门外国语学校湖里分校), 118.10834, 24.533912
厦门技师学院职业技术培训中心, 118.113729, 24.465087
蓝眼睛美术学校, 118.11146, 24.472754
厦门大学-外文学院, 118.108058, 24.440154
快乐学习中小学全科教育, 118.112341, 24.471189
国兰花尚插花花艺培训学校, 118.113584, 24.474973
厦门市体育舞蹈培训学校, 118.116105, 24.492189
南色创想美术学院(文灶校区), 118.112397, 24.470697
厦门市槟榔小学-正门, 118.116995, 24.487106
厦门市槟榔中学-正门, 118.116636, 24.48751
厦门市湖里中心小学-东门, 118.110278, 24.508972
厦门经济管理学院-A栋教学楼, 118.108538, 24.462369
新东方(厦门学校文灶校区), 118.11099, 24.472618
厦门海洋学院-西门, 118.110337, 24.494458
新东方(厦门学校金榜校区), 118.115283, 24.472878
厦门市湖滨中学-南门, 118.113057, 24.479679
4C咖啡文创学院, 118.116853, 24.528424
厦门海洋学院-实验楼, 118.111414, 24.494061
厦门旭初财税培训学校, 118.115219, 24.472984
厦门市思明第二实验小学-慧雅楼, 118.113712, 24.465432
厦门市滨东小学-正门, 118.11466, 24.48246
厦门市槟榔中学校园综合治理办公室, 118.116069, 24.48723
厦门海洋学院-综合楼, 118.113412, 24.49439
厦门外国语学校附属小学-东门, 118.108256, 24.479648
顶顶学堂(湖里中心小学店), 118.109164, 24.509352
厦门经济管理学院-北门, 118.109166, 24.463323
厦门大学艺术学院A楼, 118.116078, 24.436955
厦门大学-综合楼, 118.1084, 24.442659
华悦学校-正门, 118.107643, 24.522156
Let syoga来此瑜伽(空中学院店), 118.108885, 24.517941
厦门市湖里中心小学-北门, 118.109836, 24.509483
厦门大学(思明校区)-后勤服务综合楼, 118.109498, 24.441488
厦门海洋学院-办公楼, 118.112221, 24.49385
厦门市天安小学-正门, 118.115217, 24.520977
海洋职业学院学生公寓-2号楼, 118.110605, 24.49457
厦门海洋学院-教学楼, 118.11128, 24.494389
世纪蓝海培训学校(文园校区), 118.107686, 24.467505
厦门经济管理学院-综合楼, 118.108803, 24.462824
厦门市第九中学-西南门, 118.114985, 24.471322
厦门市湖里区金色花文化艺术培训学校, 118.112641, 24.528729
厦门市翔鹭小学-西南门, 118.109116, 24.531616
月阳中小学午托, 118.11672, 24.487969
厦门市高殿中心小学-东门, 118.117333, 24.536022
利芙耶形象设计商学院, 118.116539, 24.539542
汉英语学校, 118.110951, 24.473007
厦门市高殿中心小学-北门, 118.116702, 24.536617
厦门黄冈中学(网校湖里校区), 118.108029, 24.532582
厦门市高殿中心小学-东1门, 118.116753, 24.536637
厦门大学心理咨询与教育中心, 118.107513, 24.440634
海洋学院教工宿舍9号楼, 118.110646, 24.494268
厦门市思明第二实验小学-南门, 118.113076, 24.465269
外文学院教工俱乐部, 118.108085, 24.440055
厦门海洋学院(成教部)奥鹏远程教育学习中心, 118.112639, 24.493495
厦大幼儿园, 118.110252, 24.438686
厦门大学学生公寓-学生工作办公室, 118.107646, 24.44203
厦门经济管理学院-网球场, 118.109324, 24.461145
可爱学(万寿实验二小校区), 118.11274, 24.464065
厦门外国语学校(湖里分校)-西南门, 118.108472, 24.533681
厦门市翔鹭小学-西北门, 118.108927, 24.533135
渡引瑜伽学院(帝豪店), 118.111295, 24.471908
厦门技师学院(西南门), 118.113808, 24.464957
厦门市康乐小学-启航教育, 118.107717, 24.509714
厦门大学归国华侨联合会, 118.107816, 24.443271
自然灾害避灾点(厦门外国语学校湖里分校), 118.10834, 24.533912
国兰花尚插花花艺培训学校, 118.113584, 24.474973
厦门市体育舞蹈培训学校, 118.116105, 24.492189
南色创想美术学院(文灶校区), 118.112397, 24.470697
厦门市槟榔小学-正门, 118.116995, 24.487106
厦门市槟榔中学-正门, 118.116636, 24.48751
厦门市湖里中心小学-东门, 118.110278, 24.508972
厦门经济管理学院-A栋教学楼, 118.108538, 24.462369
新东方(厦门学校文灶校区), 118.11099, 24.472618
厦门海洋学院-西门, 118.110337, 24.494458
新东方(厦门学校金榜校区), 118.115283, 24.472878
厦门市湖滨中学-南门, 118.113057, 24.479679
4C咖啡文创学院, 118.116853, 24.528424
厦门旭初财税培训学校, 118.115219, 24.472984
厦门市思明第二实验小学-慧雅楼, 118.113712, 24.465432
厦门市滨东小学-正门, 118.11466, 24.48246
厦门市槟榔中学校园综合治理办公室, 118.116069, 24.48723
厦门外国语学校附属小学-东门, 118.108256, 24.479648
顶顶学堂(湖里中心小学店), 118.109164, 24.509352
厦门经济管理学院-北门, 118.109166, 24.463323
华悦学校-正门, 118.107643, 24.522156
Let syoga来此瑜伽(空中学院店), 118.108885, 24.517941
厦门海洋学院-实验楼, 118.111414, 24.494061
厦门市湖里中心小学-北门, 118.109836, 24.509483
厦门海洋学院-办公楼, 118.112221, 24.49385
厦门市天安小学-正门, 118.115217, 24.520977
海洋职业学院学生公寓-2号楼, 118.110605, 24.49457
厦门海洋学院-教学楼, 118.11128, 24.494389
世纪蓝海培训学校(文园校区), 118.107686, 24.467505
厦门经济管理学院-综合楼, 118.108803, 24.462824
厦门市第九中学-西南门, 118.114985, 24.471322
厦门市湖里区金色花文化艺术培训学校, 118.112641, 24.528729
厦门市翔鹭小学-西南门, 118.109116, 24.531616
月阳中小学午托, 118.11672, 24.487969
厦门市高殿中心小学-东门, 118.117333, 24.536022
利芙耶形象设计商学院, 118.116539, 24.539542
汉英语学校, 118.110951, 24.473007
厦门市高殿中心小学-北门, 118.116702, 24.536617
厦门黄冈中学(网校湖里校区), 118.108029, 24.532582
厦门市高殿中心小学-东1门, 118.116753, 24.536637
海洋学院教工宿舍9号楼, 118.110646, 24.494268
厦门市思明第二实验小学-南门, 118.113076, 24.465269
厦门海洋学院-综合楼, 118.113412, 24.49439
厦门海洋学院(成教部)奥鹏远程教育学习中心, 118.112639, 24.493495
厦门经济管理学院-网球场, 118.109324, 24.461145
可爱学(万寿实验二小校区), 118.11274, 24.464065
厦门技师学院-西北门, 118.113722, 24.465017
厦门市思明区特殊教育学校-北门, 118.108135, 24.471277
厦门外国语学校(湖里分校)-西南门, 118.108472, 24.533681
厦门市翔鹭小学-西北门, 118.108927, 24.533135
渡引瑜伽学院(帝豪店), 118.111295, 24.471908
厦门技师学院(西南门), 118.113808, 24.464957
厦门市康乐小学-启航教育, 118.107717, 24.509714
自然灾害避灾点(厦门外国语学校湖里分校), 118.10834, 24.533912
国兰花尚插花花艺培训学校, 118.113584, 24.474973
厦门市体育舞蹈培训学校, 118.116105, 24.492189
南色创想美术学院(文灶校区), 118.112397, 24.470697
厦门市槟榔小学-正门, 118.116995, 24.487106
厦门市槟榔中学-正门, 118.116636, 24.48751
厦门市湖里中心小学-东门, 118.110278, 24.508972
厦门经济管理学院-A栋教学楼, 118.108538, 24.462369
新东方(厦门学校文灶校区), 118.11099, 24.472618
厦门海洋学院-西门, 118.110337, 24.494458
新东方(厦门学校金榜校区), 118.115283, 24.472878
厦门市湖滨中学-南门, 118.113057, 24.479679
4C咖啡文创学院, 118.116853, 24.528424
厦门旭初财税培训学校, 118.115219, 24.472984
厦门市思明第二实验小学-慧雅楼, 118.113712, 24.465432
厦门市滨东小学-正门, 118.11466, 24.48246
厦门市槟榔中学校园综合治理办公室, 118.116069, 24.48723
厦门外国语学校附属小学-东门, 118.108256, 24.479648
顶顶学堂(湖里中心小学店), 118.109164, 24.509352
厦门经济管理学院-北门, 118.109166, 24.463323
华悦学校-正门, 118.107643, 24.522156
Let syoga来此瑜伽(空中学院店), 118.108885, 24.517941
厦门海洋学院-实验楼, 118.111414, 24.494061
厦门市湖里中心小学-北门, 118.109836, 24.509483
厦门海洋学院-办公楼, 118.112221, 24.49385
厦门市天安小学-正门, 118.115217, 24.520977
海洋职业学院学生公寓-2号楼, 118.110605, 24.49457
厦门海洋学院-教学楼, 118.11128, 24.494389
世纪蓝海培训学校(文园校区), 118.107686, 24.467505
厦门经济管理学院-综合楼, 118.108803, 24.462824
厦门市第九中学-西南门, 118.114985, 24.471322
厦门市湖里区金色花文化艺术培训学校, 118.112641, 24.528729
厦门市翔鹭小学-西南门, 118.109116, 24.531616
月阳中小学午托, 118.11672, 24.487969
厦门市高殿中心小学-东门, 118.117333, 24.536022
利芙耶形象设计商学院, 118.116539, 24.539542
汉英语学校, 118.110951, 24.473007
厦门市高殿中心小学-北门, 118.116702, 24.536617
厦门黄冈中学(网校湖里校区), 118.108029, 24.532582
厦门市高殿中心小学-东1门, 118.116753, 24.536637
海洋学院教工宿舍9号楼, 118.110646, 24.494268
厦门市思明第二实验小学-南门, 118.113076, 24.465269
厦门海洋学院-综合楼, 118.113412, 24.49439
厦门海洋学院(成教部)奥鹏远程教育学习中心, 118.112639, 24.493495
厦门经济管理学院-网球场, 118.109324, 24.461145
可爱学(万寿实验二小校区), 118.11274, 24.464065
厦门技师学院-西北门, 118.113722, 24.465017
厦门市思明区特殊教育学校-北门, 118.108135, 24.471277
厦门外国语学校(湖里分校)-西南门, 118.108472, 24.533681
厦门市翔鹭小学-西北门, 118.108927, 24.533135
渡引瑜伽学院(帝豪店), 118.111295, 24.471908
厦门技师学院(西南门), 118.113808, 24.464957
厦门市康乐小学-启航教育, 118.107717, 24.509714
自然灾害避灾点(厦门外国语学校湖里分校), 118.10834, 24.533912
厦门市体育舞蹈培训学校, 118.116105, 24.492189
南色创想美术学院(文灶校区), 118.112397, 24.470697
厦门市槟榔小学-正门, 118.116995, 24.487106
厦门市槟榔中学-正门, 118.116636, 24.48751
厦门市湖里中心小学-东门, 118.110278, 24.508972
新东方(厦门学校文灶校区), 118.11099, 24.472618
厦门海洋学院-西门, 118.110337, 24.494458
新东方(厦门学校金榜校区), 118.115283, 24.472878
厦门市湖滨中学-南门, 118.113057, 24.479679
4C咖啡文创学院, 118.116853, 24.528424
厦门旭初财税培训学校, 118.115219, 24.472984
厦门市思明第二实验小学-慧雅楼, 118.113712, 24.465432
厦门市滨东小学-正门, 118.11466, 24.48246
厦门市槟榔中学校园综合治理办公室, 118.116069, 24.48723
厦门外国语学校附属小学-东门, 118.108256, 24.479648
顶顶学堂(湖里中心小学店), 118.109164, 24.509352
华悦学校-正门, 118.107643, 24.522156
Let syoga来此瑜伽(空中学院店), 118.108885, 24.517941
厦门海洋学院-实验楼, 118.111414, 24.494061
厦门市湖里中心小学-北门, 118.109836, 24.509483
厦门海洋学院-办公楼, 118.112221, 24.49385
厦门市天安小学-正门, 118.115217, 24.520977
海洋职业学院学生公寓-2号楼, 118.110605, 24.49457
厦门海洋学院-教学楼, 118.11128, 24.494389
世纪蓝海培训学校(文园校区), 118.107686, 24.467505
厦门市第九中学-西南门, 118.114985, 24.471322
厦门市湖里区金色花文化艺术培训学校, 118.112641, 24.528729
厦门市翔鹭小学-西南门, 118.109116, 24.531616
月阳中小学午托, 118.11672, 24.487969
厦门市高殿中心小学-东门, 118.117333, 24.536022
利芙耶形象设计商学院, 118.116539, 24.539542
汉英语学校, 118.110951, 24.473007
厦门市高殿中心小学-北门, 118.116702, 24.536617
厦门黄冈中学(网校湖里校区), 118.108029, 24.532582
厦门市高殿中心小学-东1门, 118.116753, 24.536637
海洋学院教工宿舍9号楼, 118.110646, 24.494268
厦门市思明第二实验小学-南门, 118.113076, 24.465269
厦门海洋学院-综合楼, 118.113412, 24.49439
厦门海洋学院(成教部)奥鹏远程教育学习中心, 118.112639, 24.493495
可爱学(万寿实验二小校区), 118.11274, 24.464065
厦门技师学院-西北门, 118.113722, 24.465017
厦门市思明区特殊教育学校-北门, 118.108135, 24.471277
厦门外国语学校(湖里分校)-西南门, 118.108472, 24.533681
厦门市翔鹭小学-西北门, 118.108927, 24.533135
渡引瑜伽学院(帝豪店), 118.111295, 24.471908
厦门技师学院(西南门), 118.113808, 24.464957
厦门市康乐小学-启航教育, 118.107717, 24.509714
自然灾害避灾点(厦门外国语学校湖里分校), 118.10834, 24.533912
4C咖啡文创学院, 118.116853, 24.528424
厦门市槟榔中学校园综合治理办公室, 118.116069, 24.48723
厦门外国语学校附属小学-东门, 118.108256, 24.479648
顶顶学堂(湖里中心小学店), 118.109164, 24.509352
华悦学校-正门, 118.107643, 24.522156
Let syoga来此瑜伽(空中学院店), 118.108885, 24.517941
厦门海洋学院-实验楼, 118.111414, 24.494061
厦门市湖里中心小学-北门, 118.109836, 24.509483
厦门海洋学院-办公楼, 118.112221, 24.49385
厦门海洋学院-教学楼, 118.11128, 24.494389
厦门市湖里区金色花文化艺术培训学校, 118.112641, 24.528729
厦门市天安小学-正门, 118.115217, 24.520977
厦门市翔鹭小学-西南门, 118.109116, 24.531616
月阳中小学午托, 118.11672, 24.487969
厦门市高殿中心小学-东门, 118.117333, 24.536022
利芙耶形象设计商学院, 118.116539, 24.539542
厦门市高殿中心小学-北门, 118.116702, 24.536617
厦门黄冈中学(网校湖里校区), 118.108029, 24.532582
厦门市高殿中心小学-东1门, 118.116753, 24.536637
厦门海洋学院-综合楼, 118.113412, 24.49439
厦门海洋学院(成教部)奥鹏远程教育学习中心, 118.112639, 24.493495
海洋职业学院学生公寓-2号楼, 118.110605, 24.49457
海洋学院教工宿舍9号楼, 118.110646, 24.494268
厦门外国语学校(湖里分校)-西南门, 118.108472, 24.533681
厦门市翔鹭小学-西北门, 118.108927, 24.533135
厦门市康乐小学-启航教育, 118.107717, 24.509714
自然灾害避灾点(厦门外国语学校湖里分校), 118.10834, 24.533912
厦门海洋学院-办公楼, 118.112221, 24.49385
厦门海洋学院-教学楼, 118.11128, 24.494389
厦门市湖里区金色花文化艺术培训学校, 118.112641, 24.528729
厦门市天安小学-正门, 118.115217, 24.520977
厦门市翔鹭小学-西南门, 118.109116, 24.531616
月阳中小学午托, 118.11672, 24.487969
厦门市高殿中心小学-东门, 118.117333, 24.536022
利芙耶形象设计商学院, 118.116539, 24.539542
厦门市高殿中心小学-北门, 118.116702, 24.536617
厦门黄冈中学(网校湖里校区), 118.108029, 24.532582
厦门市高殿中心小学-东1门, 118.116753, 24.536637
厦门海洋学院-综合楼, 118.113412, 24.49439
厦门海洋学院(成教部)奥鹏远程教育学习中心, 118.112639, 24.493495
海洋职业学院学生公寓-2号楼, 118.110605, 24.49457
海洋学院教工宿舍9号楼, 118.110646, 24.494268
厦门外国语学校(湖里分校)-西南门, 118.108472, 24.533681
厦门市翔鹭小学-西北门, 118.108927, 24.533135
厦门市康乐小学-启航教育, 118.107717, 24.509714
自然灾害避灾点(厦门外国语学校湖里分校), 118.10834, 24.533912
厦门市高殿中心小学-东门, 118.117333, 24.536022
利芙耶形象设计商学院, 118.116539, 24.539542
厦门市高殿中心小学-北门, 118.116702, 24.536617
厦门黄冈中学(网校湖里校区), 118.108029, 24.532582
厦门市高殿中心小学-东1门, 118.116753, 24.536637
厦门海洋学院-综合楼, 118.113412, 24.49439
海洋职业学院学生公寓-2号楼, 118.110605, 24.49457
海洋学院教工宿舍9号楼, 118.110646, 24.494268
厦门外国语学校(湖里分校)-西南门, 118.108472, 24.533681
厦门市翔鹭小学-西北门, 118.108927, 24.533135
厦门市康乐小学-启航教育, 118.107717, 24.509714
自然灾害避灾点(厦门外国语学校湖里分校), 118.10834, 24.533912
厦门市翔鹭小学-西北门, 118.108927, 24.533135
厦门市康乐小学-启航教育, 118.107717, 24.509714
自然灾害避灾点(厦门外国语学校湖里分校), 118.10834, 24.533912
契击超能学院, 118.120163, 24.485441
厦门大学附属科技中学-东门, 118.126818, 24.435631
厦门南风美术学校, 118.124209, 24.441976
厦门沐上化妆美甲学校, 118.119566, 24.472686
厦门大学附属科技中学-西门, 118.124891, 24.436034
厦门市康乐小学-北门, 118.119775, 24.511076
厦门奥凯学校, 118.121405, 24.475986
厦门大学-信息科学与技术学院, 118.120102, 24.435874
厦门市湖明小学-东门, 118.12233, 24.482723
DASH编程学院(厦门校区), 118.119701, 24.496833
新东方(厦门学校松柏校区), 118.123648, 24.501039
华南职业学校, 118.120752, 24.517861
福建省厦门第三中学校-西门, 118.127469, 24.516331
环球雅思托福留学语言培训学校(莲坂校区), 118.127076, 24.480142
厦门市高崎小学-西北门, 118.118059, 24.552145
福建信息职业技术学院(厦门函授点), 118.121299, 24.47613
云光培训学校(总校门店), 118.120976, 24.517793
厦门市梧村小学-西北门, 118.118873, 24.473845
原生街舞培训学校, 118.123195, 24.494636
蘑菇英文学院, 118.119189, 24.519445
白天鹅美容彩妆美甲学校, 118.119626, 24.472825
聚亿美厦门商学院, 118.127005, 24.485695
厦门城市党建学院实训基地, 118.127335, 24.516076
昂乐教育(思明槟榔小学分校), 118.118383, 24.485746
厦门市康乐第二小学-西门, 118.125755, 24.513044
厦门妮彩时尚美学整体形象艺术学院, 118.124483, 24.481059
厦门艺术学校-西门, 118.122692, 24.43696
罗宾森超萌魔法学院, 118.11918, 24.475044
厦门超强学校-西门, 118.124324, 24.530511
厦门大学附属科技中学行政楼, 118.124885, 24.435624
厦门市槟榔小学-南门, 118.117682, 24.486293
九龙学苑松柏小学分苑, 118.126761, 24.497178
厦门市湖里区育青学校-西门, 118.120283, 24.537073
厦门市康乐小学-南门, 118.120079, 24.509983
厦门市湖明小学-北门, 118.122215, 24.483341
厦门市松柏小学-南2门, 118.125312, 24.496649
思明区嘉莲街道市民学校, 118.124863, 24.496289
厦门市梧村小学-东门, 118.119305, 24.473636
中国美术学院福建美术考级中心墨颜考级点, 118.118614, 24.535414
世纪蓝海教育培训学校(松柏校区店), 118.125743, 24.492702
厦门市莲岳学校, 118.118572, 24.502026
厦门市松柏中学初中部(西北1门), 118.124946, 24.49636
厦门市民立第二小学-南门, 118.119974, 24.503106
厦门文学院-东南1门, 118.125324, 24.436896
北京鼓语厦门艺术培训学校(湖明路分校), 118.122832, 24.48738
优能中学教育, 118.118591, 24.491543
厦门市康乐第二小学-东门, 118.127085, 24.512492
厦门市湖里区育青学校-东北门, 118.120617, 24.537386
东方金子塔儿童潜能培训学校, 118.1213, 24.47614
康乐小学-教师宿舍楼, 118.120229, 24.510949
厦门市演武第二小学-西门, 118.124859, 24.439068
厦门市金华达职业培训学校-西南门, 118.12675, 24.529075
大小美学, 118.123149, 24.502749
厦门大学海韵园-林觉世楼, 118.120473, 24.435865
槟榔小学-鹭尧国际英语, 118.117583, 24.486318
厦门市湖里区育青学校-西北门, 118.119212, 24.537161
厦门市梧村小学-南门, 118.119457, 24.472453
厦门市启泰学校-西门, 118.11762, 24.535887
厦门市莲岳中学-东门, 118.118642, 24.501963
厦门超强学校-计生协, 118.124323, 24.530474
石光中学厦门校友会, 118.126105, 24.477179
厦门市湖里区世纪学校-东门, 118.122378, 24.520315
厦门艺术学校-北门, 118.124, 24.437359
思明区筼筜街道老年学校-南门, 118.118401, 24.488049
厦门瑟谷化妆培训学校, 118.124204, 24.52193
安亲宝贝社区学校民立二小校区, 118.119723, 24.502599
树人托管(高殿小学店), 118.117563, 24.535545
马垅社区市民学校, 118.122379, 24.518388
马垅社区市民学校-东门, 118.122447, 24.518391
自然灾害避灾点(育青学校), 118.120671, 24.536926
世纪国刚专业练字机构(湖明小学校区), 118.122813, 24.482869
契击超能学院, 118.120163, 24.485441
厦门大学附属科技中学-东门, 118.126818, 24.435631
厦门南风美术学校, 118.124209, 24.441976
厦门沐上化妆美甲学校, 118.119566, 24.472686
厦门大学附属科技中学-西门, 118.124891, 24.436034
厦门市康乐小学-北门, 118.119775, 24.511076
厦门奥凯学校, 118.121405, 24.475986
厦门大学-信息科学与技术学院, 118.120102, 24.435874
厦门市湖明小学-东门, 118.12233, 24.482723
DASH编程学院(厦门校区), 118.119701, 24.496833
新东方(厦门学校松柏校区), 118.123648, 24.501039
华南职业学校, 118.120752, 24.517861
福建省厦门第三中学校-西门, 118.127469, 24.516331
环球雅思托福留学语言培训学校(莲坂校区), 118.127076, 24.480142
厦门市高崎小学-西北门, 118.118059, 24.552145
福建信息职业技术学院(厦门函授点), 118.121299, 24.47613
云光培训学校(总校门店), 118.120976, 24.517793
厦门市梧村小学-西北门, 118.118873, 24.473845
原生街舞培训学校, 118.123195, 24.494636
蘑菇英文学院, 118.119189, 24.519445
白天鹅美容彩妆美甲学校, 118.119626, 24.472825
聚亿美厦门商学院, 118.127005, 24.485695
厦门城市党建学院实训基地, 118.127335, 24.516076
昂乐教育(思明槟榔小学分校), 118.118383, 24.485746
厦门市康乐第二小学-西门, 118.125755, 24.513044
厦门妮彩时尚美学整体形象艺术学院, 118.124483, 24.481059
厦门艺术学校-西门, 118.122692, 24.43696
罗宾森超萌魔法学院, 118.11918, 24.475044
厦门超强学校-西门, 118.124324, 24.530511
厦门大学附属科技中学行政楼, 118.124885, 24.435624
厦门市槟榔小学-南门, 118.117682, 24.486293
九龙学苑松柏小学分苑, 118.126761, 24.497178
厦门市湖里区育青学校-西门, 118.120283, 24.537073
厦门市康乐小学-南门, 118.120079, 24.509983
厦门市湖明小学-北门, 118.122215, 24.483341
厦门市松柏小学-南2门, 118.125312, 24.496649
思明区嘉莲街道市民学校, 118.124863, 24.496289
厦门市梧村小学-东门, 118.119305, 24.473636
中国美术学院福建美术考级中心墨颜考级点, 118.118614, 24.535414
世纪蓝海教育培训学校(松柏校区店), 118.125743, 24.492702
厦门市莲岳学校, 118.118572, 24.502026
厦门市松柏中学初中部(西北1门), 118.124946, 24.49636
厦门市民立第二小学-南门, 118.119974, 24.503106
厦门文学院-东南1门, 118.125324, 24.436896
北京鼓语厦门艺术培训学校(湖明路分校), 118.122832, 24.48738
优能中学教育, 118.118591, 24.491543
厦门市康乐第二小学-东门, 118.127085, 24.512492
厦门市湖里区育青学校-东北门, 118.120617, 24.537386
东方金子塔儿童潜能培训学校, 118.1213, 24.47614
康乐小学-教师宿舍楼, 118.120229, 24.510949
厦门市演武第二小学-西门, 118.124859, 24.439068
厦门市金华达职业培训学校-西南门, 118.12675, 24.529075
大小美学, 118.123149, 24.502749
厦门大学海韵园-林觉世楼, 118.120473, 24.435865
槟榔小学-鹭尧国际英语, 118.117583, 24.486318
厦门市湖里区育青学校-西北门, 118.119212, 24.537161
厦门市梧村小学-南门, 118.119457, 24.472453
厦门市启泰学校-西门, 118.11762, 24.535887
厦门市莲岳中学-东门, 118.118642, 24.501963
厦门超强学校-计生协, 118.124323, 24.530474
石光中学厦门校友会, 118.126105, 24.477179
厦门市湖里区世纪学校-东门, 118.122378, 24.520315
厦门艺术学校-北门, 118.124, 24.437359
思明区筼筜街道老年学校-南门, 118.118401, 24.488049
厦门瑟谷化妆培训学校, 118.124204, 24.52193
安亲宝贝社区学校民立二小校区, 118.119723, 24.502599
树人托管(高殿小学店), 118.117563, 24.535545
马垅社区市民学校, 118.122379, 24.518388
马垅社区市民学校-东门, 118.122447, 24.518391
自然灾害避灾点(育青学校), 118.120671, 24.536926
世纪国刚专业练字机构(湖明小学校区), 118.122813, 24.482869
DASH编程学院(厦门校区), 118.119701, 24.496833
新东方(厦门学校松柏校区), 118.123648, 24.501039
华南职业学校, 118.120752, 24.517861
福建省厦门第三中学校-西门, 118.127469, 24.516331
环球雅思托福留学语言培训学校(莲坂校区), 118.127076, 24.480142
厦门市高崎小学-西北门, 118.118059, 24.552145
福建信息职业技术学院(厦门函授点), 118.121299, 24.47613
云光培训学校(总校门店), 118.120976, 24.517793
厦门市梧村小学-西北门, 118.118873, 24.473845
原生街舞培训学校, 118.123195, 24.494636
白天鹅美容彩妆美甲学校, 118.119626, 24.472825
聚亿美厦门商学院, 118.127005, 24.485695
厦门城市党建学院实训基地, 118.127335, 24.516076
厦门市康乐第二小学-西门, 118.125755, 24.513044
蘑菇英文学院, 118.119189, 24.519445
厦门妮彩时尚美学整体形象艺术学院, 118.124483, 24.481059
罗宾森超萌魔法学院, 118.11918, 24.475044
厦门超强学校-西门, 118.124324, 24.530511
厦门市槟榔小学-南门, 118.117682, 24.486293
九龙学苑松柏小学分苑, 118.126761, 24.497178
厦门市湖里区育青学校-西门, 118.120283, 24.537073
厦门市康乐小学-南门, 118.120079, 24.509983
北京鼓语厦门艺术培训学校(湖明路分校), 118.122832, 24.48738
厦门市湖明小学-北门, 118.122215, 24.483341
厦门市松柏小学-南2门, 118.125312, 24.496649
思明区嘉莲街道市民学校, 118.124863, 24.496289
厦门市梧村小学-东门, 118.119305, 24.473636
中国美术学院福建美术考级中心墨颜考级点, 118.118614, 24.535414
世纪蓝海教育培训学校(松柏校区店), 118.125743, 24.492702
厦门市莲岳学校, 118.118572, 24.502026
厦门市松柏中学初中部(西北1门), 118.124946, 24.49636
厦门市民立第二小学-南门, 118.119974, 24.503106
昂乐教育(思明槟榔小学分校), 118.118383, 24.485746
优能中学教育, 118.118591, 24.491543
厦门市康乐第二小学-东门, 118.127085, 24.512492
厦门市湖里区育青学校-东北门, 118.120617, 24.537386
东方金子塔儿童潜能培训学校, 118.1213, 24.47614
康乐小学-教师宿舍楼, 118.120229, 24.510949
厦门市金华达职业培训学校-西南门, 118.12675, 24.529075
大小美学, 118.123149, 24.502749
厦门市湖里区育青学校-西北门, 118.119212, 24.537161
厦门市梧村小学-南门, 118.119457, 24.472453
厦门市启泰学校-西门, 118.11762, 24.535887
厦门市莲岳中学-东门, 118.118642, 24.501963
厦门超强学校-计生协, 118.124323, 24.530474
石光中学厦门校友会, 118.126105, 24.477179
厦门市湖里区世纪学校-东门, 118.122378, 24.520315
思明区筼筜街道老年学校-南门, 118.118401, 24.488049
槟榔小学-鹭尧国际英语, 118.117583, 24.486318
厦门瑟谷化妆培训学校, 118.124204, 24.52193
安亲宝贝社区学校民立二小校区, 118.119723, 24.502599
树人托管(高殿小学店), 118.117563, 24.535545
马垅社区市民学校, 118.122379, 24.518388
马垅社区市民学校-东门, 118.122447, 24.518391
自然灾害避灾点(育青学校), 118.120671, 24.536926
世纪国刚专业练字机构(湖明小学校区), 118.122813, 24.482869
DASH编程学院(厦门校区), 118.119701, 24.496833
新东方(厦门学校松柏校区), 118.123648, 24.501039
华南职业学校, 118.120752, 24.517861
福建省厦门第三中学校-西门, 118.127469, 24.516331
环球雅思托福留学语言培训学校(莲坂校区), 118.127076, 24.480142
厦门市高崎小学-西北门, 118.118059, 24.552145
福建信息职业技术学院(厦门函授点), 118.121299, 24.47613
云光培训学校(总校门店), 118.120976, 24.517793
厦门市梧村小学-西北门, 118.118873, 24.473845
原生街舞培训学校, 118.123195, 24.494636
白天鹅美容彩妆美甲学校, 118.119626, 24.472825
聚亿美厦门商学院, 118.127005, 24.485695
厦门城市党建学院实训基地, 118.127335, 24.516076
厦门市康乐第二小学-西门, 118.125755, 24.513044
蘑菇英文学院, 118.119189, 24.519445
厦门妮彩时尚美学整体形象艺术学院, 118.124483, 24.481059
罗宾森超萌魔法学院, 118.11918, 24.475044
厦门超强学校-西门, 118.124324, 24.530511
厦门市槟榔小学-南门, 118.117682, 24.486293
九龙学苑松柏小学分苑, 118.126761, 24.497178
厦门市湖里区育青学校-西门, 118.120283, 24.537073
厦门市康乐小学-南门, 118.120079, 24.509983
北京鼓语厦门艺术培训学校(湖明路分校), 118.122832, 24.48738
厦门市湖明小学-北门, 118.122215, 24.483341
厦门市松柏小学-南2门, 118.125312, 24.496649
思明区嘉莲街道市民学校, 118.124863, 24.496289
厦门市梧村小学-东门, 118.119305, 24.473636
中国美术学院福建美术考级中心墨颜考级点, 118.118614, 24.535414
世纪蓝海教育培训学校(松柏校区店), 118.125743, 24.492702
厦门市莲岳学校, 118.118572, 24.502026
厦门市松柏中学初中部(西北1门), 118.124946, 24.49636
厦门市民立第二小学-南门, 118.119974, 24.503106
昂乐教育(思明槟榔小学分校), 118.118383, 24.485746
优能中学教育, 118.118591, 24.491543
厦门市康乐第二小学-东门, 118.127085, 24.512492
厦门市湖里区育青学校-东北门, 118.120617, 24.537386
东方金子塔儿童潜能培训学校, 118.1213, 24.47614
康乐小学-教师宿舍楼, 118.120229, 24.510949
厦门市金华达职业培训学校-西南门, 118.12675, 24.529075
大小美学, 118.123149, 24.502749
厦门市湖里区育青学校-西北门, 118.119212, 24.537161
厦门市梧村小学-南门, 118.119457, 24.472453
厦门市启泰学校-西门, 118.11762, 24.535887
厦门市莲岳中学-东门, 118.118642, 24.501963
厦门超强学校-计生协, 118.124323, 24.530474
石光中学厦门校友会, 118.126105, 24.477179
厦门市湖里区世纪学校-东门, 118.122378, 24.520315
思明区筼筜街道老年学校-南门, 118.118401, 24.488049
槟榔小学-鹭尧国际英语, 118.117583, 24.486318
厦门瑟谷化妆培训学校, 118.124204, 24.52193
安亲宝贝社区学校民立二小校区, 118.119723, 24.502599
树人托管(高殿小学店), 118.117563, 24.535545
马垅社区市民学校, 118.122379, 24.518388
马垅社区市民学校-东门, 118.122447, 24.518391
自然灾害避灾点(育青学校), 118.120671, 24.536926
世纪国刚专业练字机构(湖明小学校区), 118.122813, 24.482869
DASH编程学院(厦门校区), 118.119701, 24.496833
新东方(厦门学校松柏校区), 118.123648, 24.501039
华南职业学校, 118.120752, 24.517861
福建省厦门第三中学校-西门, 118.127469, 24.516331
环球雅思托福留学语言培训学校(莲坂校区), 118.127076, 24.480142
厦门市高崎小学-西北门, 118.118059, 24.552145
福建信息职业技术学院(厦门函授点), 118.121299, 24.47613
云光培训学校(总校门店), 118.120976, 24.517793
厦门市梧村小学-西北门, 118.118873, 24.473845
原生街舞培训学校, 118.123195, 24.494636
白天鹅美容彩妆美甲学校, 118.119626, 24.472825
聚亿美厦门商学院, 118.127005, 24.485695
厦门城市党建学院实训基地, 118.127335, 24.516076
厦门市康乐第二小学-西门, 118.125755, 24.513044
蘑菇英文学院, 118.119189, 24.519445
厦门妮彩时尚美学整体形象艺术学院, 118.124483, 24.481059
罗宾森超萌魔法学院, 118.11918, 24.475044
厦门超强学校-西门, 118.124324, 24.530511
厦门市槟榔小学-南门, 118.117682, 24.486293
九龙学苑松柏小学分苑, 118.126761, 24.497178
厦门市湖里区育青学校-西门, 118.120283, 24.537073
厦门市康乐小学-南门, 118.120079, 24.509983
北京鼓语厦门艺术培训学校(湖明路分校), 118.122832, 24.48738
厦门市湖明小学-北门, 118.122215, 24.483341
厦门市松柏小学-南2门, 118.125312, 24.496649
思明区嘉莲街道市民学校, 118.124863, 24.496289
厦门市梧村小学-东门, 118.119305, 24.473636
中国美术学院福建美术考级中心墨颜考级点, 118.118614, 24.535414
世纪蓝海教育培训学校(松柏校区店), 118.125743, 24.492702
厦门市莲岳学校, 118.118572, 24.502026
厦门市松柏中学初中部(西北1门), 118.124946, 24.49636
厦门市民立第二小学-南门, 118.119974, 24.503106
昂乐教育(思明槟榔小学分校), 118.118383, 24.485746
优能中学教育, 118.118591, 24.491543
厦门市康乐第二小学-东门, 118.127085, 24.512492
厦门市湖里区育青学校-东北门, 118.120617, 24.537386
东方金子塔儿童潜能培训学校, 118.1213, 24.47614
康乐小学-教师宿舍楼, 118.120229, 24.510949
厦门市金华达职业培训学校-西南门, 118.12675, 24.529075
大小美学, 118.123149, 24.502749
厦门市湖里区育青学校-西北门, 118.119212, 24.537161
厦门市梧村小学-南门, 118.119457, 24.472453
厦门市启泰学校-西门, 118.11762, 24.535887
厦门市莲岳中学-东门, 118.118642, 24.501963
厦门超强学校-计生协, 118.124323, 24.530474
石光中学厦门校友会, 118.126105, 24.477179
厦门市湖里区世纪学校-东门, 118.122378, 24.520315
思明区筼筜街道老年学校-南门, 118.118401, 24.488049
槟榔小学-鹭尧国际英语, 118.117583, 24.486318
厦门瑟谷化妆培训学校, 118.124204, 24.52193
安亲宝贝社区学校民立二小校区, 118.119723, 24.502599
树人托管(高殿小学店), 118.117563, 24.535545
马垅社区市民学校, 118.122379, 24.518388
马垅社区市民学校-东门, 118.122447, 24.518391
自然灾害避灾点(育青学校), 118.120671, 24.536926
世纪国刚专业练字机构(湖明小学校区), 118.122813, 24.482869
华南职业学校, 118.120752, 24.517861
福建省厦门第三中学校-西门, 118.127469, 24.516331
环球雅思托福留学语言培训学校(莲坂校区), 118.127076, 24.480142
厦门市高崎小学-西北门, 118.118059, 24.552145
福建信息职业技术学院(厦门函授点), 118.121299, 24.47613
云光培训学校(总校门店), 118.120976, 24.517793
厦门市梧村小学-西北门, 118.118873, 24.473845
原生街舞培训学校, 118.123195, 24.494636
聚亿美厦门商学院, 118.127005, 24.485695
厦门城市党建学院实训基地, 118.127335, 24.516076
厦门市康乐第二小学-西门, 118.125755, 24.513044
蘑菇英文学院, 118.119189, 24.519445
厦门妮彩时尚美学整体形象艺术学院, 118.124483, 24.481059
罗宾森超萌魔法学院, 118.11918, 24.475044
厦门超强学校-西门, 118.124324, 24.530511
厦门市槟榔小学-南门, 118.117682, 24.486293
九龙学苑松柏小学分苑, 118.126761, 24.497178
厦门市湖里区育青学校-西门, 118.120283, 24.537073
厦门市康乐小学-南门, 118.120079, 24.509983
北京鼓语厦门艺术培训学校(湖明路分校), 118.122832, 24.48738
厦门市湖明小学-北门, 118.122215, 24.483341
厦门市松柏小学-南2门, 118.125312, 24.496649
思明区嘉莲街道市民学校, 118.124863, 24.496289
厦门市梧村小学-东门, 118.119305, 24.473636
中国美术学院福建美术考级中心墨颜考级点, 118.118614, 24.535414
世纪蓝海教育培训学校(松柏校区店), 118.125743, 24.492702
厦门市莲岳学校, 118.118572, 24.502026
厦门市松柏中学初中部(西北1门), 118.124946, 24.49636
厦门市民立第二小学-南门, 118.119974, 24.503106
昂乐教育(思明槟榔小学分校), 118.118383, 24.485746
优能中学教育, 118.118591, 24.491543
厦门市康乐第二小学-东门, 118.127085, 24.512492
厦门市湖里区育青学校-东北门, 118.120617, 24.537386
东方金子塔儿童潜能培训学校, 118.1213, 24.47614
康乐小学-教师宿舍楼, 118.120229, 24.510949
厦门市金华达职业培训学校-西南门, 118.12675, 24.529075
大小美学, 118.123149, 24.502749
厦门市湖里区育青学校-西北门, 118.119212, 24.537161
厦门市启泰学校-西门, 118.11762, 24.535887
厦门市莲岳中学-东门, 118.118642, 24.501963
厦门超强学校-计生协, 118.124323, 24.530474
石光中学厦门校友会, 118.126105, 24.477179
厦门市湖里区世纪学校-东门, 118.122378, 24.520315
思明区筼筜街道老年学校-南门, 118.118401, 24.488049
槟榔小学-鹭尧国际英语, 118.117583, 24.486318
厦门瑟谷化妆培训学校, 118.124204, 24.52193
安亲宝贝社区学校民立二小校区, 118.119723, 24.502599
树人托管(高殿小学店), 118.117563, 24.535545
马垅社区市民学校, 118.122379, 24.518388
马垅社区市民学校-东门, 118.122447, 24.518391
自然灾害避灾点(育青学校), 118.120671, 24.536926
世纪国刚专业练字机构(湖明小学校区), 118.122813, 24.482869
原生街舞培训学校, 118.123195, 24.494636
聚亿美厦门商学院, 118.127005, 24.485695
厦门城市党建学院实训基地, 118.127335, 24.516076
厦门市康乐第二小学-西门, 118.125755, 24.513044
蘑菇英文学院, 118.119189, 24.519445
厦门超强学校-西门, 118.124324, 24.530511
厦门市槟榔小学-南门, 118.117682, 24.486293
九龙学苑松柏小学分苑, 118.126761, 24.497178
厦门市湖里区育青学校-西门, 118.120283, 24.537073
厦门市康乐小学-南门, 118.120079, 24.509983
北京鼓语厦门艺术培训学校(湖明路分校), 118.122832, 24.48738
厦门市湖明小学-北门, 118.122215, 24.483341
厦门市松柏小学-南2门, 118.125312, 24.496649
思明区嘉莲街道市民学校, 118.124863, 24.496289
中国美术学院福建美术考级中心墨颜考级点, 118.118614, 24.535414
世纪蓝海教育培训学校(松柏校区店), 118.125743, 24.492702
厦门市莲岳学校, 118.118572, 24.502026
厦门市松柏中学初中部(西北1门), 118.124946, 24.49636
厦门市民立第二小学-南门, 118.119974, 24.503106
昂乐教育(思明槟榔小学分校), 118.118383, 24.485746
优能中学教育, 118.118591, 24.491543
厦门市康乐第二小学-东门, 118.127085, 24.512492
厦门市湖里区育青学校-东北门, 118.120617, 24.537386
康乐小学-教师宿舍楼, 118.120229, 24.510949
厦门市金华达职业培训学校-西南门, 118.12675, 24.529075
大小美学, 118.123149, 24.502749
厦门市湖里区育青学校-西北门, 118.119212, 24.537161
厦门市启泰学校-西门, 118.11762, 24.535887
厦门市莲岳中学-东门, 118.118642, 24.501963
厦门超强学校-计生协, 118.124323, 24.530474
厦门市湖里区世纪学校-东门, 118.122378, 24.520315
思明区筼筜街道老年学校-南门, 118.118401, 24.488049
槟榔小学-鹭尧国际英语, 118.117583, 24.486318
厦门瑟谷化妆培训学校, 118.124204, 24.52193
安亲宝贝社区学校民立二小校区, 118.119723, 24.502599
树人托管(高殿小学店), 118.117563, 24.535545
马垅社区市民学校, 118.122379, 24.518388
马垅社区市民学校-东门, 118.122447, 24.518391
自然灾害避灾点(育青学校), 118.120671, 24.536926
厦门超强学校-西门, 118.124324, 24.530511
九龙学苑松柏小学分苑, 118.126761, 24.497178
厦门市湖里区育青学校-西门, 118.120283, 24.537073
厦门市康乐小学-南门, 118.120079, 24.509983
厦门市松柏小学-南2门, 118.125312, 24.496649
思明区嘉莲街道市民学校, 118.124863, 24.496289
中国美术学院福建美术考级中心墨颜考级点, 118.118614, 24.535414
厦门市莲岳学校, 118.118572, 24.502026
厦门市松柏中学初中部(西北1门), 118.124946, 24.49636
厦门市民立第二小学-南门, 118.119974, 24.503106
厦门市康乐第二小学-东门, 118.127085, 24.512492
厦门市湖里区育青学校-东北门, 118.120617, 24.537386
康乐小学-教师宿舍楼, 118.120229, 24.510949
厦门市金华达职业培训学校-西南门, 118.12675, 24.529075
大小美学, 118.123149, 24.502749
厦门市湖里区育青学校-西北门, 118.119212, 24.537161
厦门市启泰学校-西门, 118.11762, 24.535887
厦门市莲岳中学-东门, 118.118642, 24.501963
厦门超强学校-计生协, 118.124323, 24.530474
厦门市湖里区世纪学校-东门, 118.122378, 24.520315
厦门瑟谷化妆培训学校, 118.124204, 24.52193
安亲宝贝社区学校民立二小校区, 118.119723, 24.502599
树人托管(高殿小学店), 118.117563, 24.535545
马垅社区市民学校, 118.122379, 24.518388
马垅社区市民学校-东门, 118.122447, 24.518391
自然灾害避灾点(育青学校), 118.120671, 24.536926
厦门市湖里区育青学校-东北门, 118.120617, 24.537386
康乐小学-教师宿舍楼, 118.120229, 24.510949
厦门市金华达职业培训学校-西南门, 118.12675, 24.529075
厦门市湖里区育青学校-西北门, 118.119212, 24.537161
厦门市启泰学校-西门, 118.11762, 24.535887
厦门超强学校-计生协, 118.124323, 24.530474
厦门市湖里区世纪学校-东门, 118.122378, 24.520315
厦门瑟谷化妆培训学校, 118.124204, 24.52193
树人托管(高殿小学店), 118.117563, 24.535545
马垅社区市民学校, 118.122379, 24.518388
马垅社区市民学校-东门, 118.122447, 24.518391
自然灾害避灾点(育青学校), 118.120671, 24.536926
厦门瑟谷化妆培训学校, 118.124204, 24.52193
树人托管(高殿小学店), 118.117563, 24.535545
马垅社区市民学校, 118.122379, 24.518388
马垅社区市民学校-东门, 118.122447, 24.518391
自然灾害避灾点(育青学校), 118.120671, 24.536926
世纪蓝海教育培训学校, 118.128281, 24.482029
厦门海湾学院, 118.136917, 24.478461
新东方(厦门学校莲花校区), 118.136597, 24.490682
金榜设计职业培训学校, 118.130917, 24.489532
莲花中学教学楼, 118.136022, 24.489851
厦门标榜(香港)美容美发学校, 118.127737, 24.481775
厦门市火炬学校(初中部), 118.130551, 24.517081
厦门市善达职业培训学校, 118.129683, 24.491506
DQ舞蹈艺术学院, 118.132712, 24.477165
商学院, 118.13048, 24.519059
鹭岛艺术高中, 118.128944, 24.558706
七彩艺术, 118.133693, 24.477428
铺路石教育专业中小学辅导, 118.132182, 24.488594
厦门市新东方职业培训学校, 118.133085, 24.5535
中小学全科教育, 118.135697, 24.494621
嘉莲街道科普业余学校, 118.131953, 24.490183
映碧里实验小学, 118.133734, 24.487508
胜诚心商学院研发学院, 118.136404, 24.477227
厦门市人民小学分校寻源楼, 118.129253, 24.476985
心超越教育(第二实验小学校区), 118.132493, 24.488003
鹭岛艺术高中, 118.128944, 24.558706
七彩艺术, 118.133693, 24.477428
清波健身学院厦门校区, 118.128194, 24.548153
铺路石教育专业中小学辅导, 118.132182, 24.488594
厦门市新东方职业培训学校, 118.133085, 24.5535
中小学全科教育, 118.135697, 24.494621
嘉莲街道科普业余学校, 118.131953, 24.490183
厦门市松柏第二小学-正门, 118.132252, 24.500565
厦门市东浦学校星颖双语幼儿园, 118.137487, 24.477496
厦门市松柏第二小学-西1门, 118.131534, 24.499712
映碧里实验小学, 118.133734, 24.487508
厦门市人民小学分校-南1门, 118.129393, 24.47726
厦门市人民小学分校-南门, 118.128814, 24.477231
厦门市鹭江新城小学-西北门, 118.137244, 24.495593
厦门市鹭江新城小学-西南门, 118.137225, 24.494926
厦门市鹭江新城小学-正门, 118.137055, 24.495395
胜诚心商学院研发学院, 118.136404, 24.477227
厦门市人民小学分校寻源楼, 118.129253, 24.476985
福建省厦门第三中学校-北门, 118.129317, 24.518345
厦门市嘉滨小学-正门, 118.130551, 24.492928
厦门松柏中学-南门, 118.131718, 24.500663
厦门成功学校-东门, 118.128032, 24.441403
厦门市24小时自助图书馆(第三中学点), 118.12762, 24.516002
厦门市东浦学校星颖双语幼儿园-西门, 118.137446, 24.477618
厦门远东专修学院-东南门, 118.128091, 24.547987
心超越教育(第二实验小学校区), 118.132493, 24.488003
厦门市火炬学校田径场, 118.13103, 24.51686
厦门第二实验小学-西1门, 118.13304, 24.488562
厦门市乌石浦小学-南门, 118.135409, 24.510203
厦门市东浦行知实验学校-西2门, 118.137467, 24.477277
北京鼓语厦门艺术培训学校(摩尔莲花分部), 118.136198, 24.494019
厦门第二实验小学-西2门, 118.133022, 24.489056
厦门岷厦国际学校-东门, 118.129112, 24.445
福建省厦门第三中学校-体育馆, 118.129328, 24.518238
厦门市应急管理局特种作业(金华达学校考试点), 118.128202, 24.525798
厦门市火炬学校-西门, 118.130159, 24.516473
柔刚艺术学院, 118.131864, 24.530828
新东方优能中学教育(吕厝校区), 118.135619, 24.494611
莲花中学-正门, 118.136228, 24.489952
厦门市江头第三小学-北门, 118.135459, 24.502275
南色创想美术学院(莲花校区), 118.135879, 24.493314
世纪蓝海教育培训学校, 118.128281, 24.482029
厦门海湾学院, 118.136917, 24.478461
新东方(厦门学校莲花校区), 118.136597, 24.490682
金榜设计职业培训学校, 118.130917, 24.489532
厦门第二实验小学-正门, 118.133336, 24.487939
莲花中学教学楼, 118.136022, 24.489851
厦门标榜(香港)美容美发学校, 118.127737, 24.481775
厦门市火炬学校(初中部), 118.130551, 24.517081
莲花中学-北门, 118.135174, 24.490458
福建省厦门第三中学校-东门, 118.129321, 24.518314
厦门市善达职业培训学校, 118.129683, 24.491506
DQ舞蹈艺术学院, 118.132712, 24.477165
莲花中学-东2门, 118.136346, 24.489579
商学院, 118.13048, 24.519059
鹭岛艺术高中, 118.128944, 24.558706
七彩艺术, 118.133693, 24.477428
清波健身学院厦门校区, 118.128194, 24.548153
铺路石教育专业中小学辅导, 118.132182, 24.488594
厦门市新东方职业培训学校, 118.133085, 24.5535
中小学全科教育, 118.135697, 24.494621
嘉莲街道科普业余学校, 118.131953, 24.490183
厦门市松柏第二小学-正门, 118.132252, 24.500565
厦门市东浦学校星颖双语幼儿园, 118.137487, 24.477496
厦门市松柏第二小学-西1门, 118.131534, 24.499712
映碧里实验小学, 118.133734, 24.487508
厦门市人民小学分校-南1门, 118.129393, 24.47726
厦门市人民小学分校-南门, 118.128814, 24.477231
厦门市鹭江新城小学-西北门, 118.137244, 24.495593
厦门市鹭江新城小学-西南门, 118.137225, 24.494926
厦门市鹭江新城小学-正门, 118.137055, 24.495395
胜诚心商学院研发学院, 118.136404, 24.477227
厦门市人民小学分校寻源楼, 118.129253, 24.476985
福建省厦门第三中学校-北门, 118.129317, 24.518345
厦门市嘉滨小学-正门, 118.130551, 24.492928
厦门松柏中学-南门, 118.131718, 24.500663
厦门成功学校-东门, 118.128032, 24.441403
厦门市24小时自助图书馆(第三中学点), 118.12762, 24.516002
厦门市东浦学校星颖双语幼儿园-西门, 118.137446, 24.477618
厦门远东专修学院-东南门, 118.128091, 24.547987
心超越教育(第二实验小学校区), 118.132493, 24.488003
厦门市火炬学校田径场, 118.13103, 24.51686
厦门第二实验小学-西1门, 118.13304, 24.488562
厦门市乌石浦小学-南门, 118.135409, 24.510203
厦门市东浦行知实验学校-西2门, 118.137467, 24.477277
北京鼓语厦门艺术培训学校(摩尔莲花分部), 118.136198, 24.494019
厦门第二实验小学-西2门, 118.133022, 24.489056
厦门岷厦国际学校-东门, 118.129112, 24.445
福建省厦门第三中学校-体育馆, 118.129328, 24.518238
厦门市应急管理局特种作业(金华达学校考试点), 118.128202, 24.525798
厦门市火炬学校-西门, 118.130159, 24.516473
柔刚艺术学院, 118.131864, 24.530828
新东方优能中学教育(吕厝校区), 118.135619, 24.494611
莲花中学-正门, 118.136228, 24.489952
厦门市江头第三小学-北门, 118.135459, 24.502275
南色创想美术学院(莲花校区), 118.135879, 24.493314
世纪蓝海教育培训学校, 118.128281, 24.482029
厦门海湾学院, 118.136917, 24.478461
金榜设计职业培训学校, 118.130917, 24.489532
新东方(厦门学校莲花校区), 118.136597, 24.490682
厦门第二实验小学-正门, 118.133336, 24.487939
莲花中学教学楼, 118.136022, 24.489851
厦门标榜(香港)美容美发学校, 118.127737, 24.481775
厦门市火炬学校(初中部), 118.130551, 24.517081
莲花中学-北门, 118.135174, 24.490458
福建省厦门第三中学校-东门, 118.129321, 24.518314
厦门市善达职业培训学校, 118.129683, 24.491506
DQ舞蹈艺术学院, 118.132712, 24.477165
莲花中学-东2门, 118.136346, 24.489579
商学院, 118.13048, 24.519059
鹭岛艺术高中, 118.128944, 24.558706
七彩艺术, 118.133693, 24.477428
清波健身学院厦门校区, 118.128194, 24.548153
铺路石教育专业中小学辅导, 118.132182, 24.488594
厦门市新东方职业培训学校, 118.133085, 24.5535
中小学全科教育, 118.135697, 24.494621
嘉莲街道科普业余学校, 118.131953, 24.490183
厦门市松柏第二小学-正门, 118.132252, 24.500565
厦门市东浦学校星颖双语幼儿园, 118.137487, 24.477496
厦门市松柏第二小学-西1门, 118.131534, 24.499712
映碧里实验小学, 118.133734, 24.487508
厦门市人民小学分校-南1门, 118.129393, 24.47726
厦门市人民小学分校-南门, 118.128814, 24.477231
厦门市鹭江新城小学-西北门, 118.137244, 24.495593
厦门市鹭江新城小学-西南门, 118.137225, 24.494926
厦门市鹭江新城小学-正门, 118.137055, 24.495395
胜诚心商学院研发学院, 118.136404, 24.477227
厦门市人民小学分校寻源楼, 118.129253, 24.476985
福建省厦门第三中学校-北门, 118.129317, 24.518345
厦门市嘉滨小学-正门, 118.130551, 24.492928
厦门松柏中学-南门, 118.131718, 24.500663
厦门市24小时自助图书馆(第三中学点), 118.12762, 24.516002
厦门市东浦学校星颖双语幼儿园-西门, 118.137446, 24.477618
厦门远东专修学院-东南门, 118.128091, 24.547987
心超越教育(第二实验小学校区), 118.132493, 24.488003
厦门市火炬学校田径场, 118.13103, 24.51686
厦门第二实验小学-西1门, 118.13304, 24.488562
厦门市乌石浦小学-南门, 118.135409, 24.510203
厦门市东浦行知实验学校-西2门, 118.137467, 24.477277
北京鼓语厦门艺术培训学校(摩尔莲花分部), 118.136198, 24.494019
厦门第二实验小学-西2门, 118.133022, 24.489056
厦门岷厦国际学校-东门, 118.129112, 24.445
福建省厦门第三中学校-体育馆, 118.129328, 24.518238
厦门市应急管理局特种作业(金华达学校考试点), 118.128202, 24.525798
厦门市火炬学校-西门, 118.130159, 24.516473
柔刚艺术学院, 118.131864, 24.530828
莲花中学-正门, 118.136228, 24.489952
厦门市江头第三小学-北门, 118.135459, 24.502275
南色创想美术学院(莲花校区), 118.135879, 24.493314
世纪蓝海教育培训学校, 118.128281, 24.482029
厦门海湾学院, 118.136917, 24.478461
金榜设计职业培训学校, 118.130917, 24.489532
新东方(厦门学校莲花校区), 118.136597, 24.490682
厦门第二实验小学-正门, 118.133336, 24.487939
莲花中学教学楼, 118.136022, 24.489851
厦门标榜(香港)美容美发学校, 118.127737, 24.481775
厦门市火炬学校(初中部), 118.130551, 24.517081
莲花中学-北门, 118.135174, 24.490458
福建省厦门第三中学校-东门, 118.129321, 24.518314
厦门市善达职业培训学校, 118.129683, 24.491506
DQ舞蹈艺术学院, 118.132712, 24.477165
莲花中学-东2门, 118.136346, 24.489579
商学院, 118.13048, 24.519059
鹭岛艺术高中, 118.128944, 24.558706
七彩艺术, 118.133693, 24.477428
清波健身学院厦门校区, 118.128194, 24.548153
铺路石教育专业中小学辅导, 118.132182, 24.488594
厦门市新东方职业培训学校, 118.133085, 24.5535
中小学全科教育, 118.135697, 24.494621
嘉莲街道科普业余学校, 118.131953, 24.490183
厦门市松柏第二小学-正门, 118.132252, 24.500565
厦门市东浦学校星颖双语幼儿园, 118.137487, 24.477496
厦门市松柏第二小学-西1门, 118.131534, 24.499712
映碧里实验小学, 118.133734, 24.487508
厦门市人民小学分校-南1门, 118.129393, 24.47726
厦门市人民小学分校-南门, 118.128814, 24.477231
厦门市鹭江新城小学-西北门, 118.137244, 24.495593
厦门市鹭江新城小学-西南门, 118.137225, 24.494926
厦门市鹭江新城小学-正门, 118.137055, 24.495395
胜诚心商学院研发学院, 118.136404, 24.477227
厦门市人民小学分校寻源楼, 118.129253, 24.476985
福建省厦门第三中学校-北门, 118.129317, 24.518345
厦门市嘉滨小学-正门, 118.130551, 24.492928
厦门松柏中学-南门, 118.131718, 24.500663
厦门市24小时自助图书馆(第三中学点), 118.12762, 24.516002
厦门市东浦学校星颖双语幼儿园-西门, 118.137446, 24.477618
厦门远东专修学院-东南门, 118.128091, 24.547987
心超越教育(第二实验小学校区), 118.132493, 24.488003
厦门市火炬学校田径场, 118.13103, 24.51686
厦门第二实验小学-西1门, 118.13304, 24.488562
厦门市乌石浦小学-南门, 118.135409, 24.510203
厦门市东浦行知实验学校-西2门, 118.137467, 24.477277
北京鼓语厦门艺术培训学校(摩尔莲花分部), 118.136198, 24.494019
厦门第二实验小学-西2门, 118.133022, 24.489056
福建省厦门第三中学校-体育馆, 118.129328, 24.518238
厦门市应急管理局特种作业(金华达学校考试点), 118.128202, 24.525798
厦门市火炬学校-西门, 118.130159, 24.516473
柔刚艺术学院, 118.131864, 24.530828
莲花中学-正门, 118.136228, 24.489952
厦门市江头第三小学-北门, 118.135459, 24.502275
南色创想美术学院(莲花校区), 118.135879, 24.493314
世纪蓝海教育培训学校, 118.128281, 24.482029
厦门海湾学院, 118.136917, 24.478461
金榜设计职业培训学校, 118.130917, 24.489532
新东方(厦门学校莲花校区), 118.136597, 24.490682
厦门第二实验小学-正门, 118.133336, 24.487939
莲花中学教学楼, 118.136022, 24.489851
厦门标榜(香港)美容美发学校, 118.127737, 24.481775
厦门市火炬学校(初中部), 118.130551, 24.517081
莲花中学-北门, 118.135174, 24.490458
福建省厦门第三中学校-东门, 118.129321, 24.518314
厦门市善达职业培训学校, 118.129683, 24.491506
DQ舞蹈艺术学院, 118.132712, 24.477165
莲花中学-东2门, 118.136346, 24.489579
商学院, 118.13048, 24.519059
鹭岛艺术高中, 118.128944, 24.558706
七彩艺术, 118.133693, 24.477428
清波健身学院厦门校区, 118.128194, 24.548153
铺路石教育专业中小学辅导, 118.132182, 24.488594
厦门市新东方职业培训学校, 118.133085, 24.5535
中小学全科教育, 118.135697, 24.494621
嘉莲街道科普业余学校, 118.131953, 24.490183
厦门市松柏第二小学-正门, 118.132252, 24.500565
厦门市东浦学校星颖双语幼儿园, 118.137487, 24.477496
厦门市松柏第二小学-西1门, 118.131534, 24.499712
映碧里实验小学, 118.133734, 24.487508
厦门市人民小学分校-南1门, 118.129393, 24.47726
厦门市人民小学分校-南门, 118.128814, 24.477231
厦门市鹭江新城小学-西北门, 118.137244, 24.495593
厦门市鹭江新城小学-西南门, 118.137225, 24.494926
厦门市鹭江新城小学-正门, 118.137055, 24.495395
胜诚心商学院研发学院, 118.136404, 24.477227
厦门市人民小学分校寻源楼, 118.129253, 24.476985
福建省厦门第三中学校-北门, 118.129317, 24.518345
厦门市嘉滨小学-正门, 118.130551, 24.492928
厦门松柏中学-南门, 118.131718, 24.500663
厦门市24小时自助图书馆(第三中学点), 118.12762, 24.516002
厦门市东浦学校星颖双语幼儿园-西门, 118.137446, 24.477618
厦门远东专修学院-东南门, 118.128091, 24.547987
心超越教育(第二实验小学校区), 118.132493, 24.488003
厦门市火炬学校田径场, 118.13103, 24.51686
厦门第二实验小学-西1门, 118.13304, 24.488562
厦门市乌石浦小学-南门, 118.135409, 24.510203
厦门市东浦行知实验学校-西2门, 118.137467, 24.477277
北京鼓语厦门艺术培训学校(摩尔莲花分部), 118.136198, 24.494019
厦门第二实验小学-西2门, 118.133022, 24.489056
福建省厦门第三中学校-体育馆, 118.129328, 24.518238
厦门市应急管理局特种作业(金华达学校考试点), 118.128202, 24.525798
厦门市火炬学校-西门, 118.130159, 24.516473
柔刚艺术学院, 118.131864, 24.530828
莲花中学-正门, 118.136228, 24.489952
厦门市江头第三小学-北门, 118.135459, 24.502275
南色创想美术学院(莲花校区), 118.135879, 24.493314
世纪蓝海教育培训学校, 118.128281, 24.482029
厦门海湾学院, 118.136917, 24.478461
金榜设计职业培训学校, 118.130917, 24.489532
新东方(厦门学校莲花校区), 118.136597, 24.490682
厦门第二实验小学-正门, 118.133336, 24.487939
莲花中学教学楼, 118.136022, 24.489851
厦门标榜(香港)美容美发学校, 118.127737, 24.481775
厦门市火炬学校(初中部), 118.130551, 24.517081
莲花中学-北门, 118.135174, 24.490458
福建省厦门第三中学校-东门, 118.129321, 24.518314
厦门市善达职业培训学校, 118.129683, 24.491506
DQ舞蹈艺术学院, 118.132712, 24.477165
莲花中学-东2门, 118.136346, 24.489579
商学院, 118.13048, 24.519059
鹭岛艺术高中, 118.128944, 24.558706
七彩艺术, 118.133693, 24.477428
清波健身学院厦门校区, 118.128194, 24.548153
铺路石教育专业中小学辅导, 118.132182, 24.488594
厦门市新东方职业培训学校, 118.133085, 24.5535
中小学全科教育, 118.135697, 24.494621
嘉莲街道科普业余学校, 118.131953, 24.490183
厦门市松柏第二小学-正门, 118.132252, 24.500565
厦门市东浦学校星颖双语幼儿园, 118.137487, 24.477496
厦门市松柏第二小学-西1门, 118.131534, 24.499712
映碧里实验小学, 118.133734, 24.487508
厦门市人民小学分校-南1门, 118.129393, 24.47726
厦门市人民小学分校-南门, 118.128814, 24.477231
厦门市鹭江新城小学-西北门, 118.137244, 24.495593
厦门市鹭江新城小学-西南门, 118.137225, 24.494926
厦门市鹭江新城小学-正门, 118.137055, 24.495395
胜诚心商学院研发学院, 118.136404, 24.477227
厦门市人民小学分校寻源楼, 118.129253, 24.476985
福建省厦门第三中学校-北门, 118.129317, 24.518345
厦门市嘉滨小学-正门, 118.130551, 24.492928
厦门松柏中学-南门, 118.131718, 24.500663
厦门市24小时自助图书馆(第三中学点), 118.12762, 24.516002
厦门市东浦学校星颖双语幼儿园-西门, 118.137446, 24.477618
厦门远东专修学院-东南门, 118.128091, 24.547987
心超越教育(第二实验小学校区), 118.132493, 24.488003
厦门市火炬学校田径场, 118.13103, 24.51686
厦门第二实验小学-西1门, 118.13304, 24.488562
厦门市乌石浦小学-南门, 118.135409, 24.510203
厦门市东浦行知实验学校-西2门, 118.137467, 24.477277
北京鼓语厦门艺术培训学校(摩尔莲花分部), 118.136198, 24.494019
厦门第二实验小学-西2门, 118.133022, 24.489056
福建省厦门第三中学校-体育馆, 118.129328, 24.518238
厦门市应急管理局特种作业(金华达学校考试点), 118.128202, 24.525798
莲花中学-正门, 118.136228, 24.489952
厦门市江头第三小学-北门, 118.135459, 24.502275
南色创想美术学院(莲花校区), 118.135879, 24.493314
金榜设计职业培训学校, 118.130917, 24.489532
新东方(厦门学校莲花校区), 118.136597, 24.490682
厦门第二实验小学-正门, 118.133336, 24.487939
莲花中学教学楼, 118.136022, 24.489851
厦门市火炬学校(初中部), 118.130551, 24.517081
莲花中学-北门, 118.135174, 24.490458
福建省厦门第三中学校-东门, 118.129321, 24.518314
厦门市善达职业培训学校, 118.129683, 24.491506
莲花中学-东2门, 118.136346, 24.489579
商学院, 118.13048, 24.519059
鹭岛艺术高中, 118.128944, 24.558706
清波健身学院厦门校区, 118.128194, 24.548153
铺路石教育专业中小学辅导, 118.132182, 24.488594
厦门市新东方职业培训学校, 118.133085, 24.5535
中小学全科教育, 118.135697, 24.494621
嘉莲街道科普业余学校, 118.131953, 24.490183
厦门市松柏第二小学-正门, 118.132252, 24.500565
厦门市松柏第二小学-西1门, 118.131534, 24.499712
映碧里实验小学, 118.133734, 24.487508
厦门市鹭江新城小学-西北门, 118.137244, 24.495593
厦门市鹭江新城小学-西南门, 118.137225, 24.494926
厦门市鹭江新城小学-正门, 118.137055, 24.495395
福建省厦门第三中学校-北门, 118.129317, 24.518345
厦门市嘉滨小学-正门, 118.130551, 24.492928
厦门松柏中学-南门, 118.131718, 24.500663
厦门市24小时自助图书馆(第三中学点), 118.12762, 24.516002
厦门远东专修学院-东南门, 118.128091, 24.547987
心超越教育(第二实验小学校区), 118.132493, 24.488003
厦门市火炬学校田径场, 118.13103, 24.51686
厦门第二实验小学-西1门, 118.13304, 24.488562
厦门市乌石浦小学-南门, 118.135409, 24.510203
北京鼓语厦门艺术培训学校(摩尔莲花分部), 118.136198, 24.494019
厦门第二实验小学-西2门, 118.133022, 24.489056
福建省厦门第三中学校-体育馆, 118.129328, 24.518238
厦门市应急管理局特种作业(金华达学校考试点), 118.128202, 24.525798
商学院, 118.13048, 24.519059
鹭岛艺术高中, 118.128944, 24.558706
清波健身学院厦门校区, 118.128194, 24.548153
厦门市新东方职业培训学校, 118.133085, 24.5535
中小学全科教育, 118.135697, 24.494621
厦门市松柏第二小学-正门, 118.132252, 24.500565
厦门市松柏第二小学-西1门, 118.131534, 24.499712
厦门市鹭江新城小学-西北门, 118.137244, 24.495593
厦门市鹭江新城小学-西南门, 118.137225, 24.494926
厦门市鹭江新城小学-正门, 118.137055, 24.495395
福建省厦门第三中学校-北门, 118.129317, 24.518345
厦门松柏中学-南门, 118.131718, 24.500663
厦门市24小时自助图书馆(第三中学点), 118.12762, 24.516002
厦门远东专修学院-东南门, 118.128091, 24.547987
厦门市火炬学校田径场, 118.13103, 24.51686
厦门市乌石浦小学-南门, 118.135409, 24.510203
北京鼓语厦门艺术培训学校(摩尔莲花分部), 118.136198, 24.494019
福建省厦门第三中学校-体育馆, 118.129328, 24.518238
厦门市应急管理局特种作业(金华达学校考试点), 118.128202, 24.525798
厦门市世平学校, 118.145066, 24.486071
厦门信息学校-东门, 118.139807, 24.507166
南色创想美术亲子学院(卧龙校区), 118.145962, 24.482627
厦门信息学校-北门, 118.140518, 24.509765
厦门市安兜小学-东门, 118.144637, 24.526332
厦门市莲花小学-正门, 118.141709, 24.496487
厦门市莲龙小学(东)-北门, 118.145949, 24.49564
阳光小学, 118.143092, 24.532815
厦门市安兜小学-西北门, 118.143352, 24.52616
厦门市第五中学-南门, 118.140486, 24.482059
湖里区江头中心小学湖里区, 118.138066, 24.50336
玩声艺考培训学校, 118.146119, 24.487031
爱心培训学校(莲花总部), 118.138867, 24.496043
厦门市鹭江新城小学-东门, 118.138007, 24.495033
五中附小, 118.140166, 24.482765
D Queen舞蹈艺术学院, 118.145105, 24.52787
安厦小学, 118.142471, 24.514611
厦门市莲花小学-西门, 118.141205, 24.496775
新东方优能中学教育, 118.137604, 24.512169
中小学全科辅导, 118.142167, 24.483145
阿斯顿少儿英语, 118.145286, 24.491107
北京大学工学院厦门创新创业中心, 118.137577, 24.522569
厦门市莲龙小学(东)-西门, 118.14541, 24.495138
厦门博林学校-西南门, 118.141397, 24.531645
深德文化, 118.145347, 24.481276
中国地质科学院工程勘测院(厦门分院), 118.137515, 24.490935
厦门市吕岭小学-东门, 118.146307, 24.500976
厦门市世平学校-东门, 118.145634, 24.485841
阳光小学-西南门, 118.142774, 24.532635
文心小学-东北门, 118.142573, 24.522873
南京林业大学化学工程学院石墨烯活性炭研发基地, 118.137695, 24.523347
厦门信息学校-孵化校园, 118.139975, 24.507856
厦门市世平学校, 118.145066, 24.486071
厦门信息学校-东门, 118.139807, 24.507166
南色创想美术亲子学院(卧龙校区), 118.145962, 24.482627
厦门信息学校-北门, 118.140518, 24.509765
厦门市安兜小学-东门, 118.144637, 24.526332
厦门市莲花小学-正门, 118.141709, 24.496487
厦门市莲龙小学(东)-北门, 118.145949, 24.49564
阳光小学, 118.143092, 24.532815
厦门市安兜小学-西北门, 118.143352, 24.52616
厦门市第五中学-南门, 118.140486, 24.482059
湖里区江头中心小学湖里区, 118.138066, 24.50336
玩声艺考培训学校, 118.146119, 24.487031
爱心培训学校(莲花总部), 118.138867, 24.496043
厦门市鹭江新城小学-东门, 118.138007, 24.495033
五中附小, 118.140166, 24.482765
D Queen舞蹈艺术学院, 118.145105, 24.52787
安厦小学, 118.142471, 24.514611
厦门市莲花小学-西门, 118.141205, 24.496775
新东方优能中学教育, 118.137604, 24.512169
中小学全科辅导, 118.142167, 24.483145
阿斯顿少儿英语, 118.145286, 24.491107
北京大学工学院厦门创新创业中心, 118.137577, 24.522569
厦门市莲龙小学(东)-西门, 118.14541, 24.495138
厦门博林学校-西南门, 118.141397, 24.531645
深德文化, 118.145347, 24.481276
中国地质科学院工程勘测院(厦门分院), 118.137515, 24.490935
厦门市吕岭小学-东门, 118.146307, 24.500976
厦门市世平学校-东门, 118.145634, 24.485841
阳光小学-西南门, 118.142774, 24.532635
文心小学-东北门, 118.142573, 24.522873
南京林业大学化学工程学院石墨烯活性炭研发基地, 118.137695, 24.523347
厦门信息学校-孵化校园, 118.139975, 24.507856
厦门市世平学校, 118.145066, 24.486071
厦门信息学校-东门, 118.139807, 24.507166
南色创想美术亲子学院(卧龙校区), 118.145962, 24.482627
厦门信息学校-北门, 118.140518, 24.509765
厦门市安兜小学-东门, 118.144637, 24.526332
厦门市莲花小学-正门, 118.141709, 24.496487
厦门市莲龙小学(东)-北门, 118.145949, 24.49564
阳光小学, 118.143092, 24.532815
厦门市安兜小学-西北门, 118.143352, 24.52616
厦门市第五中学-南门, 118.140486, 24.482059
湖里区江头中心小学湖里区, 118.138066, 24.50336
玩声艺考培训学校, 118.146119, 24.487031
爱心培训学校(莲花总部), 118.138867, 24.496043
厦门市鹭江新城小学-东门, 118.138007, 24.495033
五中附小, 118.140166, 24.482765
D Queen舞蹈艺术学院, 118.145105, 24.52787
安厦小学, 118.142471, 24.514611
厦门市莲花小学-西门, 118.141205, 24.496775
新东方优能中学教育, 118.137604, 24.512169
中小学全科辅导, 118.142167, 24.483145
阿斯顿少儿英语, 118.145286, 24.491107
北京大学工学院厦门创新创业中心, 118.137577, 24.522569
厦门市莲龙小学(东)-西门, 118.14541, 24.495138
厦门博林学校-西南门, 118.141397, 24.531645
深德文化, 118.145347, 24.481276
中国地质科学院工程勘测院(厦门分院), 118.137515, 24.490935
厦门市吕岭小学-东门, 118.146307, 24.500976
厦门市世平学校-东门, 118.145634, 24.485841
阳光小学-西南门, 118.142774, 24.532635
文心小学-东北门, 118.142573, 24.522873
南京林业大学化学工程学院石墨烯活性炭研发基地, 118.137695, 24.523347
厦门信息学校-孵化校园, 118.139975, 24.507856
厦门市世平学校, 118.145066, 24.486071
厦门信息学校-东门, 118.139807, 24.507166
南色创想美术亲子学院(卧龙校区), 118.145962, 24.482627
厦门信息学校-北门, 118.140518, 24.509765
厦门市安兜小学-东门, 118.144637, 24.526332
厦门市莲花小学-正门, 118.141709, 24.496487
厦门市莲龙小学(东)-北门, 118.145949, 24.49564
阳光小学, 118.143092, 24.532815
厦门市安兜小学-西北门, 118.143352, 24.52616
厦门市第五中学-南门, 118.140486, 24.482059
湖里区江头中心小学湖里区, 118.138066, 24.50336
玩声艺考培训学校, 118.146119, 24.487031
爱心培训学校(莲花总部), 118.138867, 24.496043
厦门市鹭江新城小学-东门, 118.138007, 24.495033
五中附小, 118.140166, 24.482765
D Queen舞蹈艺术学院, 118.145105, 24.52787
安厦小学, 118.142471, 24.514611
厦门市莲花小学-西门, 118.141205, 24.496775
新东方优能中学教育, 118.137604, 24.512169
中小学全科辅导, 118.142167, 24.483145
厦门市世平学校, 118.145066, 24.486071
厦门信息学校-东门, 118.139807, 24.507166
南色创想美术亲子学院(卧龙校区), 118.145962, 24.482627
厦门信息学校-北门, 118.140518, 24.509765
厦门市安兜小学-东门, 118.144637, 24.526332
厦门市莲花小学-正门, 118.141709, 24.496487
厦门市莲龙小学(东)-北门, 118.145949, 24.49564
阳光小学, 118.143092, 24.532815
厦门市安兜小学-西北门, 118.143352, 24.52616
厦门市第五中学-南门, 118.140486, 24.482059
湖里区江头中心小学湖里区, 118.138066, 24.50336
玩声艺考培训学校, 118.146119, 24.487031
爱心培训学校(莲花总部), 118.138867, 24.496043
厦门市鹭江新城小学-东门, 118.138007, 24.495033
五中附小, 118.140166, 24.482765
D Queen舞蹈艺术学院, 118.145105, 24.52787
安厦小学, 118.142471, 24.514611
厦门市莲花小学-西门, 118.141205, 24.496775
新东方优能中学教育, 118.137604, 24.512169
中小学全科辅导, 118.142167, 24.483145
阿斯顿少儿英语, 118.145286, 24.491107
北京大学工学院厦门创新创业中心, 118.137577, 24.522569
厦门市莲龙小学(东)-西门, 118.14541, 24.495138
厦门博林学校-西南门, 118.141397, 24.531645
深德文化, 118.145347, 24.481276
中国地质科学院工程勘测院(厦门分院), 118.137515, 24.490935
厦门市吕岭小学-东门, 118.146307, 24.500976
厦门市世平学校-东门, 118.145634, 24.485841
阳光小学-西南门, 118.142774, 24.532635
文心小学-东北门, 118.142573, 24.522873
南京林业大学化学工程学院石墨烯活性炭研发基地, 118.137695, 24.523347
厦门信息学校-孵化校园, 118.139975, 24.507856
厦门市世平学校, 118.145066, 24.486071
厦门信息学校-东门, 118.139807, 24.507166
南色创想美术亲子学院(卧龙校区), 118.145962, 24.482627
厦门信息学校-北门, 118.140518, 24.509765
厦门市安兜小学-东门, 118.144637, 24.526332
厦门市莲花小学-正门, 118.141709, 24.496487
厦门市莲龙小学(东)-北门, 118.145949, 24.49564
阳光小学, 118.143092, 24.532815
厦门市安兜小学-西北门, 118.143352, 24.52616
厦门市第五中学-南门, 118.140486, 24.482059
湖里区江头中心小学湖里区, 118.138066, 24.50336
玩声艺考培训学校, 118.146119, 24.487031
爱心培训学校(莲花总部), 118.138867, 24.496043
厦门市鹭江新城小学-东门, 118.138007, 24.495033
五中附小, 118.140166, 24.482765
D Queen舞蹈艺术学院, 118.145105, 24.52787
安厦小学, 118.142471, 24.514611
厦门市莲花小学-西门, 118.141205, 24.496775
新东方优能中学教育, 118.137604, 24.512169
中小学全科辅导, 118.142167, 24.483145
阿斯顿少儿英语, 118.145286, 24.491107
北京大学工学院厦门创新创业中心, 118.137577, 24.522569
厦门市莲龙小学(东)-西门, 118.14541, 24.495138
厦门博林学校-西南门, 118.141397, 24.531645
深德文化, 118.145347, 24.481276
中国地质科学院工程勘测院(厦门分院), 118.137515, 24.490935
厦门市吕岭小学-东门, 118.146307, 24.500976
厦门市世平学校-东门, 118.145634, 24.485841
阳光小学-西南门, 118.142774, 24.532635
文心小学-东北门, 118.142573, 24.522873
南京林业大学化学工程学院石墨烯活性炭研发基地, 118.137695, 24.523347
厦门信息学校-孵化校园, 118.139975, 24.507856
厦门市莲龙小学(东)-北门, 118.145949, 24.49564
阳光小学, 118.143092, 24.532815
厦门市安兜小学-西北门, 118.143352, 24.52616
湖里区江头中心小学湖里区, 118.138066, 24.50336
玩声艺考培训学校, 118.146119, 24.487031
爱心培训学校(莲花总部), 118.138867, 24.496043
厦门市鹭江新城小学-东门, 118.138007, 24.495033
D Queen舞蹈艺术学院, 118.145105, 24.52787
安厦小学, 118.142471, 24.514611
厦门市莲花小学-西门, 118.141205, 24.496775
新东方优能中学教育, 118.137604, 24.512169
中小学全科辅导, 118.142167, 24.483145
阿斯顿少儿英语, 118.145286, 24.491107
北京大学工学院厦门创新创业中心, 118.137577, 24.522569
厦门市莲龙小学(东)-西门, 118.14541, 24.495138
厦门博林学校-西南门, 118.141397, 24.531645
中国地质科学院工程勘测院(厦门分院), 118.137515, 24.490935
厦门市吕岭小学-东门, 118.146307, 24.500976
厦门市世平学校-东门, 118.145634, 24.485841
阳光小学-西南门, 118.142774, 24.532635
文心小学-东北门, 118.142573, 24.522873
南京林业大学化学工程学院石墨烯活性炭研发基地, 118.137695, 24.523347
厦门信息学校-孵化校园, 118.139975, 24.507856
湖里区江头中心小学湖里区, 118.138066, 24.50336
爱心培训学校(莲花总部), 118.138867, 24.496043
厦门市鹭江新城小学-东门, 118.138007, 24.495033
D Queen舞蹈艺术学院, 118.145105, 24.52787
安厦小学, 118.142471, 24.514611
厦门市莲花小学-西门, 118.141205, 24.496775
新东方优能中学教育, 118.137604, 24.512169
北京大学工学院厦门创新创业中心, 118.137577, 24.522569
厦门市莲龙小学(东)-西门, 118.14541, 24.495138
厦门博林学校-西南门, 118.141397, 24.531645
厦门市吕岭小学-东门, 118.146307, 24.500976
阳光小学-西南门, 118.142774, 24.532635
文心小学-东北门, 118.142573, 24.522873
南京林业大学化学工程学院石墨烯活性炭研发基地, 118.137695, 24.523347
厦门信息学校-孵化校园, 118.139975, 24.507856
后埔外口学校, 118.148586, 24.49922
湖里区教师进修学校第二附属小学围里靠清洁楼, 118.155049, 24.531163
厦门市湖里第二实验小学-东门, 118.147601, 24.5088
厦门国家会计学院活动中心, 118.156005, 24.448665
学升补习学校, 118.1561, 24.523283
小新星中小学托教培训补习中心, 118.156072, 24.49846
湖里区妇幼健康教育学校, 118.156626, 24.516724
黄厝小学, 118.15178, 24.441587
湖里实验小学-东门, 118.149935, 24.516379
厦门市湖里区教师进修学校第二附属小学-西门, 118.154699, 24.531012
湖里实验中学-实验楼, 118.153477, 24.522275
自然灾害避灾点(厦门市湖里第二实验小学), 118.147896, 24.508626
厦门大学公共卫生学院科研教学合作基地, 118.156836, 24.516809
厦门市金尚小学-西门, 118.155021, 24.497505
湖里区后埔民办小学-西门, 118.148825, 24.499214
厦门市国光学校-西门, 118.150734, 24.501595
厦门国家会计学院学术报告厅, 118.155674, 24.449648
厦门国家会计学院学生公寓-4号楼, 118.153184, 24.45108
禾山中学教师宿舍, 118.149533, 24.503417
厦门国家会计学院学生公寓-3号楼, 118.154168, 24.452048
可爱学教育(云顶学校), 118.153273, 24.481492
五通学校-北门, 118.148257, 24.503136
厦门国家会计学院学生公寓-5号楼, 118.153779, 24.451872
国家会计学院学生公寓-2号楼, 118.154837, 24.451699
湖里实验小学城市学校少年宫, 118.149551, 24.516054
厦门公共自行车禾山中学站, 118.147874, 24.504261
后埔外口学校, 118.148586, 24.49922
湖里区教师进修学校第二附属小学围里靠清洁楼, 118.155049, 24.531163
厦门市湖里第二实验小学-东门, 118.147601, 24.5088
厦门国家会计学院活动中心, 118.156005, 24.448665
学升补习学校, 118.1561, 24.523283
小新星中小学托教培训补习中心, 118.156072, 24.49846
湖里区妇幼健康教育学校, 118.156626, 24.516724
黄厝小学, 118.15178, 24.441587
湖里实验小学-东门, 118.149935, 24.516379
厦门市湖里区教师进修学校第二附属小学-西门, 118.154699, 24.531012
湖里实验中学-实验楼, 118.153477, 24.522275
自然灾害避灾点(厦门市湖里第二实验小学), 118.147896, 24.508626
厦门大学公共卫生学院科研教学合作基地, 118.156836, 24.516809
厦门市金尚小学-西门, 118.155021, 24.497505
湖里区后埔民办小学-西门, 118.148825, 24.499214
厦门市国光学校-西门, 118.150734, 24.501595
厦门国家会计学院学术报告厅, 118.155674, 24.449648
厦门国家会计学院学生公寓-4号楼, 118.153184, 24.45108
禾山中学教师宿舍, 118.149533, 24.503417
厦门国家会计学院学生公寓-3号楼, 118.154168, 24.452048
可爱学教育(云顶学校), 118.153273, 24.481492
五通学校-北门, 118.148257, 24.503136
厦门国家会计学院学生公寓-5号楼, 118.153779, 24.451872
国家会计学院学生公寓-2号楼, 118.154837, 24.451699
湖里实验小学城市学校少年宫, 118.149551, 24.516054
厦门公共自行车禾山中学站, 118.147874, 24.504261
厦门国家会计学院活动中心, 118.156005, 24.448665
学升补习学校, 118.1561, 24.523283
小新星中小学托教培训补习中心, 118.156072, 24.49846
湖里区妇幼健康教育学校, 118.156626, 24.516724
湖里实验小学-东门, 118.149935, 24.516379
厦门市湖里区教师进修学校第二附属小学-西门, 118.154699, 24.531012
湖里实验中学-实验楼, 118.153477, 24.522275
自然灾害避灾点(厦门市湖里第二实验小学), 118.147896, 24.508626
厦门大学公共卫生学院科研教学合作基地, 118.156836, 24.516809
厦门市金尚小学-西门, 118.155021, 24.497505
湖里区后埔民办小学-西门, 118.148825, 24.499214
厦门市国光学校-西门, 118.150734, 24.501595
厦门国家会计学院学术报告厅, 118.155674, 24.449648
厦门国家会计学院学生公寓-4号楼, 118.153184, 24.45108
禾山中学教师宿舍, 118.149533, 24.503417
厦门国家会计学院学生公寓-3号楼, 118.154168, 24.452048
可爱学教育(云顶学校), 118.153273, 24.481492
五通学校-北门, 118.148257, 24.503136
厦门国家会计学院学生公寓-5号楼, 118.153779, 24.451872
国家会计学院学生公寓-2号楼, 118.154837, 24.451699
湖里实验小学城市学校少年宫, 118.149551, 24.516054
厦门公共自行车禾山中学站, 118.147874, 24.504261
小新星中小学托教培训补习中心, 118.156072, 24.49846
湖里区妇幼健康教育学校, 118.156626, 24.516724
湖里实验小学-东门, 118.149935, 24.516379
厦门市湖里区教师进修学校第二附属小学-西门, 118.154699, 24.531012
湖里实验中学-实验楼, 118.153477, 24.522275
自然灾害避灾点(厦门市湖里第二实验小学), 118.147896, 24.508626
厦门大学公共卫生学院科研教学合作基地, 118.156836, 24.516809
厦门市金尚小学-西门, 118.155021, 24.497505
湖里区后埔民办小学-西门, 118.148825, 24.499214
厦门市国光学校-西门, 118.150734, 24.501595
禾山中学教师宿舍, 118.149533, 24.503417
可爱学教育(云顶学校), 118.153273, 24.481492
五通学校-北门, 118.148257, 24.503136
湖里实验小学城市学校少年宫, 118.149551, 24.516054
厦门公共自行车禾山中学站, 118.147874, 24.504261
小新星中小学托教培训补习中心, 118.156072, 24.49846
湖里区妇幼健康教育学校, 118.156626, 24.516724
湖里实验小学-东门, 118.149935, 24.516379
厦门市湖里区教师进修学校第二附属小学-西门, 118.154699, 24.531012
湖里实验中学-实验楼, 118.153477, 24.522275
自然灾害避灾点(厦门市湖里第二实验小学), 118.147896, 24.508626
厦门大学公共卫生学院科研教学合作基地, 118.156836, 24.516809
厦门市金尚小学-西门, 118.155021, 24.497505
湖里区后埔民办小学-西门, 118.148825, 24.499214
厦门市国光学校-西门, 118.150734, 24.501595
禾山中学教师宿舍, 118.149533, 24.503417
可爱学教育(云顶学校), 118.153273, 24.481492
五通学校-北门, 118.148257, 24.503136
湖里实验小学城市学校少年宫, 118.149551, 24.516054
厦门公共自行车禾山中学站, 118.147874, 24.504261
小新星中小学托教培训补习中心, 118.156072, 24.49846
湖里区妇幼健康教育学校, 118.156626, 24.516724
湖里实验小学-东门, 118.149935, 24.516379
厦门市湖里区教师进修学校第二附属小学-西门, 118.154699, 24.531012
湖里实验中学-实验楼, 118.153477, 24.522275
自然灾害避灾点(厦门市湖里第二实验小学), 118.147896, 24.508626
厦门大学公共卫生学院科研教学合作基地, 118.156836, 24.516809
厦门市金尚小学-西门, 118.155021, 24.497505
湖里区后埔民办小学-西门, 118.148825, 24.499214
厦门市国光学校-西门, 118.150734, 24.501595
禾山中学教师宿舍, 118.149533, 24.503417
可爱学教育(云顶学校), 118.153273, 24.481492
五通学校-北门, 118.148257, 24.503136
湖里实验小学城市学校少年宫, 118.149551, 24.516054
厦门公共自行车禾山中学站, 118.147874, 24.504261
湖里实验中学-实验楼, 118.153477, 24.522275
自然灾害避灾点(厦门市湖里第二实验小学), 118.147896, 24.508626
厦门大学公共卫生学院科研教学合作基地, 118.156836, 24.516809
厦门市金尚小学-西门, 118.155021, 24.497505
湖里区后埔民办小学-西门, 118.148825, 24.499214
厦门市国光学校-西门, 118.150734, 24.501595
禾山中学教师宿舍, 118.149533, 24.503417
五通学校-北门, 118.148257, 24.503136
湖里实验小学城市学校少年宫, 118.149551, 24.516054
厦门公共自行车禾山中学站, 118.147874, 24.504261
厦门大学公共卫生学院科研教学合作基地, 118.156836, 24.516809
厦门市金尚小学-西门, 118.155021, 24.497505
湖里区后埔民办小学-西门, 118.148825, 24.499214
厦门市国光学校-西门, 118.150734, 24.501595
禾山中学教师宿舍, 118.149533, 24.503417
五通学校-北门, 118.148257, 24.503136
湖里实验小学城市学校少年宫, 118.149551, 24.516054
厦门公共自行车禾山中学站, 118.147874, 24.504261
厦门市湖里区教师进修学校附属小学-育学楼, 118.162181, 24.524801
金尚中学-东门, 118.158524, 24.496971
厦门市思明区莲前小学-南门, 118.165119, 24.484348
简杰乒乓球学校, 118.160458, 24.48072
厦门市湖里区教师进修学校附属小学-育爱楼, 118.161977, 24.525116
厦门丽莎美甲化妆培训学校, 118.161205, 24.52855
晓作花艺学校, 118.159865, 24.49546
厦门市思明区莲前小学-北门, 118.163824, 24.485634
厦门外国语学校瑞景分校-北门, 118.161515, 24.482224
厦门市湖里区教师进修学校-北门, 118.162262, 24.525951
厦门市奥体体育舞蹈艺术学校, 118.158798, 24.496775
美大大化妆美甲纹绣培训学校, 118.165748, 24.48234
厦门五缘第二实验学校(西区), 118.16677, 24.527369
厦门市金山小学-南门, 118.164854, 24.507314
厦门市逸夫中学-南门, 118.162455, 24.486189
汉马驾校城市职业学院南练车场, 118.166441, 24.465081
厦门外国语学校瑞景分校-东南门, 118.161674, 24.48104
向科小学, 118.16053, 24.480663
厦门市湖里区教师进修学校附属小学-育雅楼, 118.162492, 24.52531
瑞景小学-西南门, 118.163583, 24.477615
韦氏英语培训学校, 118.165945, 24.482914
中国美术学院社会美术水平考级中心, 118.163913, 24.525727
高菲特运动学院, 118.15991, 24.543059
金尚中学-西门, 118.157654, 24.496329
厦门市湖里区星光民办小学-东南门, 118.163514, 24.494088
厦门市鹭岛花朵艺术培训学校, 118.160781, 24.498327
向氏国际舞蹈学院, 118.160342, 24.529034
中央音乐学院鼓浪屿钢琴学校-学生公寓, 118.166609, 24.545794
厦门市思明区龙山小学-西南门, 118.163301, 24.487576
厦门五缘第二实验学校(西区)-东北门, 118.166997, 24.527347
五缘第二实验学校小学部明德楼, 118.166763, 24.52782
厦门市康桥外国语小学-东南门, 118.162728, 24.452086
福建省厦门双十中学(西北1门), 118.161741, 24.524479
厦门东芳学校-南门, 118.160726, 24.498836
厦门市湖里区教师进修学校-西南门, 118.161838, 24.525236
厦门市湖里区教师进修学校-西北门, 118.162314, 24.526001
厦门市湖里区教师进修学校附属小学育爱楼-西门, 118.161804, 24.525254
双十中学教师公寓, 118.162139, 24.521701
厦门公共自行车1006BRT双十中学东站租赁点, 118.163377, 24.526876
自然灾害避灾点(五缘第二实验学校), 118.166367, 24.52702
厦门市湖里区教师进修学校附属小学-育学楼, 118.162181, 24.524801
金尚中学-东门, 118.158524, 24.496971
厦门市思明区莲前小学-南门, 118.165119, 24.484348
简杰乒乓球学校, 118.160458, 24.48072
厦门市湖里区教师进修学校附属小学-育爱楼, 118.161977, 24.525116
厦门丽莎美甲化妆培训学校, 118.161205, 24.52855
晓作花艺学校, 118.159865, 24.49546
厦门市思明区莲前小学-北门, 118.163824, 24.485634
厦门外国语学校瑞景分校-北门, 118.161515, 24.482224
厦门市湖里区教师进修学校-北门, 118.162262, 24.525951
厦门市奥体体育舞蹈艺术学校, 118.158798, 24.496775
美大大化妆美甲纹绣培训学校, 118.165748, 24.48234
厦门五缘第二实验学校(西区), 118.16677, 24.527369
厦门市金山小学-南门, 118.164854, 24.507314
厦门市逸夫中学-南门, 118.162455, 24.486189
汉马驾校城市职业学院南练车场, 118.166441, 24.465081
厦门外国语学校瑞景分校-东南门, 118.161674, 24.48104
向科小学, 118.16053, 24.480663
厦门市湖里区教师进修学校附属小学-育雅楼, 118.162492, 24.52531
瑞景小学-西南门, 118.163583, 24.477615
韦氏英语培训学校, 118.165945, 24.482914
中国美术学院社会美术水平考级中心, 118.163913, 24.525727
高菲特运动学院, 118.15991, 24.543059
金尚中学-西门, 118.157654, 24.496329
厦门市湖里区星光民办小学-东南门, 118.163514, 24.494088
厦门市鹭岛花朵艺术培训学校, 118.160781, 24.498327
向氏国际舞蹈学院, 118.160342, 24.529034
中央音乐学院鼓浪屿钢琴学校-学生公寓, 118.166609, 24.545794
厦门市思明区龙山小学-西南门, 118.163301, 24.487576
厦门五缘第二实验学校(西区)-东北门, 118.166997, 24.527347
五缘第二实验学校小学部明德楼, 118.166763, 24.52782
厦门市康桥外国语小学-东南门, 118.162728, 24.452086
福建省厦门双十中学(西北1门), 118.161741, 24.524479
厦门东芳学校-南门, 118.160726, 24.498836
厦门市湖里区教师进修学校-西南门, 118.161838, 24.525236
厦门市湖里区教师进修学校-西北门, 118.162314, 24.526001
厦门市湖里区教师进修学校附属小学育爱楼-西门, 118.161804, 24.525254
双十中学教师公寓, 118.162139, 24.521701
厦门公共自行车1006BRT双十中学东站租赁点, 118.163377, 24.526876
自然灾害避灾点(五缘第二实验学校), 118.166367, 24.52702
厦门市湖里区教师进修学校附属小学-育学楼, 118.162181, 24.524801
金尚中学-东门, 118.158524, 24.496971
厦门市思明区莲前小学-南门, 118.165119, 24.484348
简杰乒乓球学校, 118.160458, 24.48072
厦门市湖里区教师进修学校附属小学-育爱楼, 118.161977, 24.525116
厦门丽莎美甲化妆培训学校, 118.161205, 24.52855
晓作花艺学校, 118.159865, 24.49546
厦门外国语学校瑞景分校-北门, 118.161515, 24.482224
厦门市湖里区教师进修学校-北门, 118.162262, 24.525951
厦门市奥体体育舞蹈艺术学校, 118.158798, 24.496775
美大大化妆美甲纹绣培训学校, 118.165748, 24.48234
厦门五缘第二实验学校(西区), 118.16677, 24.527369
厦门市金山小学-南门, 118.164854, 24.507314
厦门市逸夫中学-南门, 118.162455, 24.486189
汉马驾校城市职业学院南练车场, 118.166441, 24.465081
厦门外国语学校瑞景分校-东南门, 118.161674, 24.48104
向科小学, 118.16053, 24.480663
厦门市湖里区教师进修学校附属小学-育雅楼, 118.162492, 24.52531
瑞景小学-西南门, 118.163583, 24.477615
韦氏英语培训学校, 118.165945, 24.482914
韦氏英语培训学校, 118.165945, 24.482914
中国美术学院社会美术水平考级中心, 118.163913, 24.525727
高菲特运动学院, 118.15991, 24.543059
金尚中学-西门, 118.157654, 24.496329
厦门市湖里区星光民办小学-东南门, 118.163514, 24.494088
厦门市鹭岛花朵艺术培训学校, 118.160781, 24.498327
向氏国际舞蹈学院, 118.160342, 24.529034
中央音乐学院鼓浪屿钢琴学校-学生公寓, 118.166609, 24.545794
厦门市思明区龙山小学-西南门, 118.163301, 24.487576
厦门五缘第二实验学校(西区)-东北门, 118.166997, 24.527347
五缘第二实验学校小学部明德楼, 118.166763, 24.52782
厦门市康桥外国语小学-东南门, 118.162728, 24.452086
福建省厦门双十中学(西北1门), 118.161741, 24.524479
厦门东芳学校-南门, 118.160726, 24.498836
厦门市湖里区教师进修学校-西南门, 118.161838, 24.525236
厦门市湖里区教师进修学校-西北门, 118.162314, 24.526001
厦门市湖里区教师进修学校附属小学育爱楼-西门, 118.161804, 24.525254
双十中学教师公寓, 118.162139, 24.521701
厦门公共自行车1006BRT双十中学东站租赁点, 118.163377, 24.526876
自然灾害避灾点(五缘第二实验学校), 118.166367, 24.52702
厦门市思明区莲前小学-南门, 118.165119, 24.484348
简杰乒乓球学校, 118.160458, 24.48072
厦门市湖里区教师进修学校附属小学-育爱楼, 118.161977, 24.525116
厦门丽莎美甲化妆培训学校, 118.161205, 24.52855
晓作花艺学校, 118.159865, 24.49546
厦门市思明区莲前小学-北门, 118.163824, 24.485634
厦门外国语学校瑞景分校-北门, 118.161515, 24.482224
厦门市湖里区教师进修学校-北门, 118.162262, 24.525951
厦门市奥体体育舞蹈艺术学校, 118.158798, 24.496775
美大大化妆美甲纹绣培训学校, 118.165748, 24.48234
厦门五缘第二实验学校(西区), 118.16677, 24.527369
厦门市金山小学-南门, 118.164854, 24.507314
厦门市逸夫中学-南门, 118.162455, 24.486189
汉马驾校城市职业学院南练车场, 118.166441, 24.465081
厦门外国语学校瑞景分校-东南门, 118.161674, 24.48104
向科小学, 118.16053, 24.480663
厦门市湖里区教师进修学校附属小学-育雅楼, 118.162492, 24.52531
瑞景小学-西南门, 118.163583, 24.477615
韦氏英语培训学校, 118.165945, 24.482914
中国美术学院社会美术水平考级中心, 118.163913, 24.525727
高菲特运动学院, 118.15991, 24.543059
厦门市湖里区星光民办小学-东南门, 118.163514, 24.494088
厦门市鹭岛花朵艺术培训学校, 118.160781, 24.498327
金尚中学-西门, 118.157654, 24.496329
向氏国际舞蹈学院, 118.160342, 24.529034
中央音乐学院鼓浪屿钢琴学校-学生公寓, 118.166609, 24.545794
厦门市思明区龙山小学-西南门, 118.163301, 24.487576
厦门五缘第二实验学校(西区)-东北门, 118.166997, 24.527347
五缘第二实验学校小学部明德楼, 118.166763, 24.52782
福建省厦门双十中学(西北1门), 118.161741, 24.524479
厦门东芳学校-南门, 118.160726, 24.498836
厦门市湖里区教师进修学校-西南门, 118.161838, 24.525236
厦门市湖里区教师进修学校-西北门, 118.162314, 24.526001
厦门市湖里区教师进修学校附属小学育爱楼-西门, 118.161804, 24.525254
双十中学教师公寓, 118.162139, 24.521701
厦门公共自行车1006BRT双十中学东站租赁点, 118.163377, 24.526876
自然灾害避灾点(五缘第二实验学校), 118.166367, 24.52702
厦门市思明区莲前小学-南门, 118.165119, 24.484348
简杰乒乓球学校, 118.160458, 24.48072
厦门市湖里区教师进修学校附属小学-育爱楼, 118.161977, 24.525116
厦门丽莎美甲化妆培训学校, 118.161205, 24.52855
晓作花艺学校, 118.159865, 24.49546
厦门市思明区莲前小学-北门, 118.163824, 24.485634
厦门外国语学校瑞景分校-北门, 118.161515, 24.482224
厦门市湖里区教师进修学校-北门, 118.162262, 24.525951
厦门市奥体体育舞蹈艺术学校, 118.158798, 24.496775
美大大化妆美甲纹绣培训学校, 118.165748, 24.48234
厦门五缘第二实验学校(西区), 118.16677, 24.527369
厦门市金山小学-南门, 118.164854, 24.507314
厦门市逸夫中学-南门, 118.162455, 24.486189
汉马驾校城市职业学院南练车场, 118.166441, 24.465081
厦门外国语学校瑞景分校-东南门, 118.161674, 24.48104
向科小学, 118.16053, 24.480663
厦门市湖里区教师进修学校附属小学-育雅楼, 118.162492, 24.52531
瑞景小学-西南门, 118.163583, 24.477615
韦氏英语培训学校, 118.165945, 24.482914
中国美术学院社会美术水平考级中心, 118.163913, 24.525727
高菲特运动学院, 118.15991, 24.543059
厦门市湖里区星光民办小学-东南门, 118.163514, 24.494088
厦门市鹭岛花朵艺术培训学校, 118.160781, 24.498327
金尚中学-西门, 118.157654, 24.496329
向氏国际舞蹈学院, 118.160342, 24.529034
中央音乐学院鼓浪屿钢琴学校-学生公寓, 118.166609, 24.545794
厦门市思明区龙山小学-西南门, 118.163301, 24.487576
厦门五缘第二实验学校(西区)-东北门, 118.166997, 24.527347
五缘第二实验学校小学部明德楼, 118.166763, 24.52782
福建省厦门双十中学(西北1门), 118.161741, 24.524479
厦门东芳学校-南门, 118.160726, 24.498836
厦门市湖里区教师进修学校-西南门, 118.161838, 24.525236
厦门市湖里区教师进修学校-西北门, 118.162314, 24.526001
厦门市湖里区教师进修学校附属小学育爱楼-西门, 118.161804, 24.525254
双十中学教师公寓, 118.162139, 24.521701
厦门公共自行车1006BRT双十中学东站租赁点, 118.163377, 24.526876
自然灾害避灾点(五缘第二实验学校), 118.166367, 24.52702
厦门市思明区莲前小学-南门, 118.165119, 24.484348
厦门市逸夫中学-南门, 118.162455, 24.486189
简杰乒乓球学校, 118.160458, 24.48072
厦门市湖里区教师进修学校附属小学-育爱楼, 118.161977, 24.525116
厦门丽莎美甲化妆培训学校, 118.161205, 24.52855
晓作花艺学校, 118.159865, 24.49546
厦门市思明区莲前小学-北门, 118.163824, 24.485634
厦门外国语学校瑞景分校-北门, 118.161515, 24.482224
厦门市湖里区教师进修学校-北门, 118.162262, 24.525951
厦门市奥体体育舞蹈艺术学校, 118.158798, 24.496775
美大大化妆美甲纹绣培训学校, 118.165748, 24.48234
厦门五缘第二实验学校(西区), 118.16677, 24.527369
厦门市金山小学-南门, 118.164854, 24.507314
厦门外国语学校瑞景分校-东南门, 118.161674, 24.48104
向科小学, 118.16053, 24.480663
厦门市湖里区教师进修学校附属小学-育雅楼, 118.162492, 24.52531
瑞景小学-西南门, 118.163583, 24.477615
韦氏英语培训学校, 118.165945, 24.482914
中国美术学院社会美术水平考级中心, 118.163913, 24.525727
高菲特运动学院, 118.15991, 24.543059
厦门市湖里区星光民办小学-东南门, 118.163514, 24.494088
厦门市鹭岛花朵艺术培训学校, 118.160781, 24.498327
金尚中学-西门, 118.157654, 24.496329
向氏国际舞蹈学院, 118.160342, 24.529034
中央音乐学院鼓浪屿钢琴学校-学生公寓, 118.166609, 24.545794
厦门市思明区龙山小学-西南门, 118.163301, 24.487576
厦门五缘第二实验学校(西区)-东北门, 118.166997, 24.527347
五缘第二实验学校小学部明德楼, 118.166763, 24.52782
福建省厦门双十中学(西北1门), 118.161741, 24.524479
厦门东芳学校-南门, 118.160726, 24.498836
厦门市湖里区教师进修学校-西南门, 118.161838, 24.525236
厦门市湖里区教师进修学校-西北门, 118.162314, 24.526001
厦门市湖里区教师进修学校附属小学育爱楼-西门, 118.161804, 24.525254
双十中学教师公寓, 118.162139, 24.521701
厦门公共自行车1006BRT双十中学东站租赁点, 118.163377, 24.526876
自然灾害避灾点(五缘第二实验学校), 118.166367, 24.52702
厦门市湖里区教师进修学校附属小学-育爱楼, 118.161977, 24.525116
厦门丽莎美甲化妆培训学校, 118.161205, 24.52855
晓作花艺学校, 118.159865, 24.49546
厦门市思明区莲前小学-北门, 118.163824, 24.485634
厦门市湖里区教师进修学校-北门, 118.162262, 24.525951
厦门市奥体体育舞蹈艺术学校, 118.158798, 24.496775
厦门五缘第二实验学校(西区), 118.16677, 24.527369
厦门市金山小学-南门, 118.164854, 24.507314
厦门市湖里区教师进修学校附属小学-育雅楼, 118.162492, 24.52531
中国美术学院社会美术水平考级中心, 118.163913, 24.525727
高菲特运动学院, 118.15991, 24.543059
厦门市湖里区星光民办小学-东南门, 118.163514, 24.494088
厦门市鹭岛花朵艺术培训学校, 118.160781, 24.498327
金尚中学-西门, 118.157654, 24.496329
向氏国际舞蹈学院, 118.160342, 24.529034
中央音乐学院鼓浪屿钢琴学校-学生公寓, 118.166609, 24.545794
厦门市思明区龙山小学-西南门, 118.163301, 24.487576
厦门五缘第二实验学校(西区)-东北门, 118.166997, 24.527347
五缘第二实验学校小学部明德楼, 118.166763, 24.52782
福建省厦门双十中学(西北1门), 118.161741, 24.524479
厦门东芳学校-南门, 118.160726, 24.498836
厦门市湖里区教师进修学校-西南门, 118.161838, 24.525236
厦门市湖里区教师进修学校-西北门, 118.162314, 24.526001
厦门市湖里区教师进修学校附属小学育爱楼-西门, 118.161804, 24.525254
双十中学教师公寓, 118.162139, 24.521701
厦门公共自行车1006BRT双十中学东站租赁点, 118.163377, 24.526876
自然灾害避灾点(五缘第二实验学校), 118.166367, 24.52702
厦门市湖里区教师进修学校附属小学-育雅楼, 118.162492, 24.52531
中国美术学院社会美术水平考级中心, 118.163913, 24.525727
高菲特运动学院, 118.15991, 24.543059
厦门市湖里区星光民办小学-东南门, 118.163514, 24.494088
厦门市鹭岛花朵艺术培训学校, 118.160781, 24.498327
金尚中学-西门, 118.157654, 24.496329
向氏国际舞蹈学院, 118.160342, 24.529034
中央音乐学院鼓浪屿钢琴学校-学生公寓, 118.166609, 24.545794
厦门五缘第二实验学校(西区)-东北门, 118.166997, 24.527347
五缘第二实验学校小学部明德楼, 118.166763, 24.52782
福建省厦门双十中学(西北1门), 118.161741, 24.524479
厦门东芳学校-南门, 118.160726, 24.498836
厦门市湖里区教师进修学校-西南门, 118.161838, 24.525236
厦门市湖里区教师进修学校-西北门, 118.162314, 24.526001
厦门市湖里区教师进修学校附属小学育爱楼-西门, 118.161804, 24.525254
双十中学教师公寓, 118.162139, 24.521701
厦门公共自行车1006BRT双十中学东站租赁点, 118.163377, 24.526876
自然灾害避灾点(五缘第二实验学校), 118.166367, 24.52702
五缘第二实验学校小学部明德楼, 118.166763, 24.52782
福建省厦门双十中学(西北1门), 118.161741, 24.524479
厦门市湖里区教师进修学校-西南门, 118.161838, 24.525236
厦门市湖里区教师进修学校-西北门, 118.162314, 24.526001
厦门市湖里区教师进修学校附属小学育爱楼-西门, 118.161804, 24.525254
双十中学教师公寓, 118.162139, 24.521701
厦门公共自行车1006BRT双十中学东站租赁点, 118.163377, 24.526876
自然灾害避灾点(五缘第二实验学校), 118.166367, 24.52702
厦门市湖里区教师进修学校-西南门, 118.161838, 24.525236
厦门市湖里区教师进修学校-西北门, 118.162314, 24.526001
厦门市湖里区教师进修学校附属小学育爱楼-西门, 118.161804, 24.525254
双十中学教师公寓, 118.162139, 24.521701
厦门公共自行车1006BRT双十中学东站租赁点, 118.163377, 24.526876
自然灾害避灾点(五缘第二实验学校), 118.166367, 24.52702
厦门市湖里区教师进修学校-西北门, 118.162314, 24.526001
厦门市湖里区教师进修学校附属小学育爱楼-西门, 118.161804, 24.525254
厦门公共自行车1006BRT双十中学东站租赁点, 118.163377, 24.526876
自然灾害避灾点(五缘第二实验学校), 118.166367, 24.52702
厦门五缘实验学校-南门, 118.170026, 24.543028
新东方学校(瑞景校区), 118.168105, 24.481925
厦门五缘实验学校-东北1门, 118.167591, 24.545493
玉秀中学, 118.172457, 24.493628
湖里国投梅沙教育航海学院, 118.176833, 24.535825
厦门市城市职业学院-3栋, 118.171801, 24.468549
厦门五缘实验学校-东南门, 118.169103, 24.541926
五缘学村-中央音乐学院, 118.169981, 24.542641
钟宅民族小学-西南门, 118.174207, 24.527924
厦门市城市职业学院-行政办公楼, 118.173935, 24.46984
厦门市前埔南区小学旧校区(东北门), 118.176498, 24.475234
厦门市城市职业学院-5栋, 118.171885, 24.469071
厦门市城市职业学院-6栋, 118.17172, 24.469314
厦门市城市职业学院-1栋, 118.171693, 24.467891
厦门市城市职业学院图书馆, 118.173374, 24.470016
厦钨学院-东南门, 118.170142, 24.537863
厦门市特殊教育学校-东南门, 118.171045, 24.468977
厦门市前埔南区小学-西门, 118.177287, 24.471323
昂乐教育(厦门市湖里区五缘湾第二实验小学分校), 118.169113, 24.525633
厦门五缘实验学校-6号门, 118.169635, 24.541804
厦门第二中学(东北门), 118.168561, 24.545042
古地石社光学校, 118.172458, 24.493742
厦门市城市职业学院-2栋, 118.171703, 24.468213
联友小学-南门, 118.175439, 24.477922
10T五缘音乐学校, 118.168468, 24.542677
厦门市城市职业学院-7栋, 118.171694, 24.469619
厦门五缘第二实验学校中学部-西南门, 118.167679, 24.527235
中央音乐学院鼓浪屿钢琴学校-北门, 118.16864, 24.545078
湖里区金山民办小学-西南门, 118.170261, 24.508799
光华学校-东南门, 118.172994, 24.493636
厦门五缘第二实验学校中学部-西南1门, 118.167422, 24.5281
厦门市城市职业学院-东2门, 118.174742, 24.467382
厦门市前埔南区小学-西南门, 118.176709, 24.474141
小白杨侨福城校区, 118.170599, 24.482405
厦门市城市职业学院-会议中心, 118.174114, 24.469823
厦门城市职业学院学生公寓-8号楼, 118.170477, 24.467292
厦门霞光民办学校-东门, 118.167736, 24.506815
厦门市大同中学(前埔校区)体育馆, 118.175661, 24.471889
厦门城市职业学院-和胜驾校, 118.17253, 24.466599
厦门五缘实验学校-南门, 118.170026, 24.543028
新东方学校(瑞景校区), 118.168105, 24.481925
厦门五缘实验学校-东北1门, 118.167591, 24.545493
玉秀中学, 118.172457, 24.493628
湖里国投梅沙教育航海学院, 118.176833, 24.535825
厦门市城市职业学院-3栋, 118.171801, 24.468549
厦门五缘实验学校-东南门, 118.169103, 24.541926
五缘学村-中央音乐学院, 118.169981, 24.542641
钟宅民族小学-西南门, 118.174207, 24.527924
厦门市城市职业学院-行政办公楼, 118.173935, 24.46984
厦门市前埔南区小学旧校区(东北门), 118.176498, 24.475234
厦门市城市职业学院-5栋, 118.171885, 24.469071
厦门市城市职业学院-6栋, 118.17172, 24.469314
厦门市城市职业学院-1栋, 118.171693, 24.467891
厦门市城市职业学院图书馆, 118.173374, 24.470016
厦钨学院-东南门, 118.170142, 24.537863
厦门市特殊教育学校-东南门, 118.171045, 24.468977
厦门市前埔南区小学-西门, 118.177287, 24.471323
昂乐教育(厦门市湖里区五缘湾第二实验小学分校), 118.169113, 24.525633
厦门五缘实验学校-6号门, 118.169635, 24.541804
厦门第二中学(东北门), 118.168561, 24.545042
古地石社光学校, 118.172458, 24.493742
厦门市城市职业学院-2栋, 118.171703, 24.468213
联友小学-南门, 118.175439, 24.477922
10T五缘音乐学校, 118.168468, 24.542677
厦门市城市职业学院-7栋, 118.171694, 24.469619
厦门五缘第二实验学校中学部-西南门, 118.167679, 24.527235
中央音乐学院鼓浪屿钢琴学校-北门, 118.16864, 24.545078
湖里区金山民办小学-西南门, 118.170261, 24.508799
光华学校-东南门, 118.172994, 24.493636
厦门五缘第二实验学校中学部-西南1门, 118.167422, 24.5281
厦门市城市职业学院-东2门, 118.174742, 24.467382
厦门市前埔南区小学-西南门, 118.176709, 24.474141
小白杨侨福城校区, 118.170599, 24.482405
厦门市城市职业学院-会议中心, 118.174114, 24.469823
厦门城市职业学院学生公寓-8号楼, 118.170477, 24.467292
厦门霞光民办学校-东门, 118.167736, 24.506815
厦门市大同中学(前埔校区)体育馆, 118.175661, 24.471889
厦门城市职业学院-和胜驾校, 118.17253, 24.466599
厦门五缘实验学校-南门, 118.170026, 24.543028
新东方学校(瑞景校区), 118.168105, 24.481925
厦门五缘实验学校-东北1门, 118.167591, 24.545493
玉秀中学, 118.172457, 24.493628
湖里国投梅沙教育航海学院, 118.176833, 24.535825
厦门市城市职业学院-3栋, 118.171801, 24.468549
厦门五缘实验学校-东南门, 118.169103, 24.541926
五缘学村-中央音乐学院, 118.169981, 24.542641
钟宅民族小学-西南门, 118.174207, 24.527924
厦门市城市职业学院-行政办公楼, 118.173935, 24.46984
厦门市前埔南区小学旧校区(东北门), 118.176498, 24.475234
厦门市城市职业学院-5栋, 118.171885, 24.469071
厦门市城市职业学院-6栋, 118.17172, 24.469314
厦门市城市职业学院-1栋, 118.171693, 24.467891
厦门市城市职业学院图书馆, 118.173374, 24.470016
厦钨学院-东南门, 118.170142, 24.537863
厦门市特殊教育学校-东南门, 118.171045, 24.468977
厦门市前埔南区小学-西门, 118.177287, 24.471323
昂乐教育(厦门市湖里区五缘湾第二实验小学分校), 118.169113, 24.525633
厦门五缘实验学校-6号门, 118.169635, 24.541804
厦门第二中学(东北门), 118.168561, 24.545042
古地石社光学校, 118.172458, 24.493742
厦门市城市职业学院-2栋, 118.171703, 24.468213
联友小学-南门, 118.175439, 24.477922
10T五缘音乐学校, 118.168468, 24.542677
厦门市城市职业学院-7栋, 118.171694, 24.469619
厦门五缘第二实验学校中学部-西南门, 118.167679, 24.527235
中央音乐学院鼓浪屿钢琴学校-北门, 118.16864, 24.545078
湖里区金山民办小学-西南门, 118.170261, 24.508799
光华学校-东南门, 118.172994, 24.493636
厦门五缘第二实验学校中学部-西南1门, 118.167422, 24.5281
厦门市城市职业学院-东2门, 118.174742, 24.467382
厦门市前埔南区小学-西南门, 118.176709, 24.474141
小白杨侨福城校区, 118.170599, 24.482405
厦门市城市职业学院-会议中心, 118.174114, 24.469823
厦门城市职业学院学生公寓-8号楼, 118.170477, 24.467292
厦门霞光民办学校-东门, 118.167736, 24.506815
厦门市大同中学(前埔校区)体育馆, 118.175661, 24.471889
厦门城市职业学院-和胜驾校, 118.17253, 24.466599
厦门五缘实验学校-南门, 118.170026, 24.543028
新东方学校(瑞景校区), 118.168105, 24.481925
厦门五缘实验学校-东北1门, 118.167591, 24.545493
玉秀中学, 118.172457, 24.493628
湖里国投梅沙教育航海学院, 118.176833, 24.535825
厦门市城市职业学院-3栋, 118.171801, 24.468549
厦门五缘实验学校-东南门, 118.169103, 24.541926
五缘学村-中央音乐学院, 118.169981, 24.542641
钟宅民族小学-西南门, 118.174207, 24.527924
厦门市城市职业学院-行政办公楼, 118.173935, 24.46984
厦门市前埔南区小学旧校区(东北门), 118.176498, 24.475234
厦门市城市职业学院-5栋, 118.171885, 24.469071
厦门市城市职业学院-6栋, 118.17172, 24.469314
厦门市城市职业学院-1栋, 118.171693, 24.467891
厦门市城市职业学院图书馆, 118.173374, 24.470016
厦钨学院-东南门, 118.170142, 24.537863
厦门市特殊教育学校-东南门, 118.171045, 24.468977
厦门市前埔南区小学-西门, 118.177287, 24.471323
昂乐教育(厦门市湖里区五缘湾第二实验小学分校), 118.169113, 24.525633
厦门五缘实验学校-6号门, 118.169635, 24.541804
厦门第二中学(东北门), 118.168561, 24.545042
古地石社光学校, 118.172458, 24.493742
厦门市城市职业学院-2栋, 118.171703, 24.468213
联友小学-南门, 118.175439, 24.477922
10T五缘音乐学校, 118.168468, 24.542677
厦门市城市职业学院-7栋, 118.171694, 24.469619
厦门五缘第二实验学校中学部-西南门, 118.167679, 24.527235
中央音乐学院鼓浪屿钢琴学校-北门, 118.16864, 24.545078
湖里区金山民办小学-西南门, 118.170261, 24.508799
光华学校-东南门, 118.172994, 24.493636
厦门五缘第二实验学校中学部-西南1门, 118.167422, 24.5281
厦门市城市职业学院-东2门, 118.174742, 24.467382
厦门市前埔南区小学-西南门, 118.176709, 24.474141
小白杨侨福城校区, 118.170599, 24.482405
厦门市城市职业学院-会议中心, 118.174114, 24.469823
厦门城市职业学院学生公寓-8号楼, 118.170477, 24.467292
厦门霞光民办学校-东门, 118.167736, 24.506815
厦门市大同中学(前埔校区)体育馆, 118.175661, 24.471889
厦门城市职业学院-和胜驾校, 118.17253, 24.466599
厦门五缘实验学校-南门, 118.170026, 24.543028
新东方学校(瑞景校区), 118.168105, 24.481925
厦门五缘实验学校-东北1门, 118.167591, 24.545493
玉秀中学, 118.172457, 24.493628
湖里国投梅沙教育航海学院, 118.176833, 24.535825
厦门市城市职业学院-3栋, 118.171801, 24.468549
厦门五缘实验学校-东南门, 118.169103, 24.541926
五缘学村-中央音乐学院, 118.169981, 24.542641
钟宅民族小学-西南门, 118.174207, 24.527924
厦门市城市职业学院-行政办公楼, 118.173935, 24.46984
厦门市前埔南区小学旧校区(东北门), 118.176498, 24.475234
厦门市城市职业学院-5栋, 118.171885, 24.469071
厦门市城市职业学院-6栋, 118.17172, 24.469314
厦门市城市职业学院-1栋, 118.171693, 24.467891
厦门市城市职业学院图书馆, 118.173374, 24.470016
厦钨学院-东南门, 118.170142, 24.537863
厦门市特殊教育学校-东南门, 118.171045, 24.468977
厦门市前埔南区小学-西门, 118.177287, 24.471323
昂乐教育(厦门市湖里区五缘湾第二实验小学分校), 118.169113, 24.525633
厦门五缘实验学校-6号门, 118.169635, 24.541804
厦门第二中学(东北门), 118.168561, 24.545042
古地石社光学校, 118.172458, 24.493742
厦门市城市职业学院-2栋, 118.171703, 24.468213
联友小学-南门, 118.175439, 24.477922
10T五缘音乐学校, 118.168468, 24.542677
厦门市城市职业学院-7栋, 118.171694, 24.469619
厦门五缘第二实验学校中学部-西南门, 118.167679, 24.527235
中央音乐学院鼓浪屿钢琴学校-北门, 118.16864, 24.545078
湖里区金山民办小学-西南门, 118.170261, 24.508799
光华学校-东南门, 118.172994, 24.493636
厦门五缘第二实验学校中学部-西南1门, 118.167422, 24.5281
厦门市城市职业学院-东2门, 118.174742, 24.467382
厦门市前埔南区小学-西南门, 118.176709, 24.474141
小白杨侨福城校区, 118.170599, 24.482405
厦门市城市职业学院-会议中心, 118.174114, 24.469823
厦门城市职业学院学生公寓-8号楼, 118.170477, 24.467292
厦门霞光民办学校-东门, 118.167736, 24.506815
厦门市大同中学(前埔校区)体育馆, 118.175661, 24.471889
厦门城市职业学院-和胜驾校, 118.17253, 24.466599
钟宅民族小学-西南门, 118.174207, 24.527924
厦门市前埔南区小学旧校区(东北门), 118.176498, 24.475234
厦钨学院-东南门, 118.170142, 24.537863
昂乐教育(厦门市湖里区五缘湾第二实验小学分校), 118.169113, 24.525633
厦门五缘实验学校-6号门, 118.169635, 24.541804
厦门第二中学(东北门), 118.168561, 24.545042
古地石社光学校, 118.172458, 24.493742
联友小学-南门, 118.175439, 24.477922
10T五缘音乐学校, 118.168468, 24.542677
厦门五缘第二实验学校中学部-西南门, 118.167679, 24.527235
中央音乐学院鼓浪屿钢琴学校-北门, 118.16864, 24.545078
湖里区金山民办小学-西南门, 118.170261, 24.508799
光华学校-东南门, 118.172994, 24.493636
厦门五缘第二实验学校中学部-西南1门, 118.167422, 24.5281
厦门市前埔南区小学-西南门, 118.176709, 24.474141
小白杨侨福城校区, 118.170599, 24.482405
厦门霞光民办学校-东门, 118.167736, 24.506815
开成建筑学校厦门校友会联络处, 118.170153, 24.536774
厦门第二中学(东北门), 118.168561, 24.545042
古地石社光学校, 118.172458, 24.493742
10T五缘音乐学校, 118.168468, 24.542677
厦门五缘第二实验学校中学部-西南门, 118.167679, 24.527235
中央音乐学院鼓浪屿钢琴学校-北门, 118.16864, 24.545078
湖里区金山民办小学-西南门, 118.170261, 24.508799
光华学校-东南门, 118.172994, 24.493636
厦门五缘第二实验学校中学部-西南1门, 118.167422, 24.5281
厦门霞光民办学校-东门, 118.167736, 24.506815
开成建筑学校厦门校友会联络处, 118.170153, 24.536774
厦门第二中学(东北门), 118.168561, 24.545042
古地石社光学校, 118.172458, 24.493742
10T五缘音乐学校, 118.168468, 24.542677
厦门五缘第二实验学校中学部-西南门, 118.167679, 24.527235
中央音乐学院鼓浪屿钢琴学校-北门, 118.16864, 24.545078
湖里区金山民办小学-西南门, 118.170261, 24.508799
光华学校-东南门, 118.172994, 24.493636
厦门霞光民办学校-东门, 118.167736, 24.506815
开成建筑学校厦门校友会联络处, 118.170153, 24.536774
厦门五缘第二实验学校中学部-西南门, 118.167679, 24.527235
中央音乐学院鼓浪屿钢琴学校-北门, 118.16864, 24.545078
湖里区金山民办小学-西南门, 118.170261, 24.508799
厦门霞光民办学校-东门, 118.167736, 24.506815
开成建筑学校厦门校友会联络处, 118.170153, 24.536774
开成建筑学校厦门校友会联络处, 118.170153, 24.536774
开成建筑学校厦门校友会联络处, 118.170153, 24.536774
厦门第二实验小学分校-东北门, 118.191323, 24.48118
厦门第二实验小学分校-南门, 118.191667, 24.480008
福建省厦门双十中学思明分校-东门, 118.192722, 24.482274
厦门第二实验小学分校-东北1门, 118.191067, 24.481446
湖里区宝拓大厦娜瑜伽学校, 118.192921, 24.533865
厦门第二实验小学分校-东北门, 118.191323, 24.48118
厦门第二实验小学分校-南门, 118.191667, 24.480008
福建省厦门双十中学思明分校-东门, 118.192722, 24.482274
厦门第二实验小学分校-东北1门, 118.191067, 24.481446
湖里区宝拓大厦娜瑜伽学校, 118.192921, 24.533865
厦门第二实验小学分校-东北门, 118.191323, 24.48118
厦门第二实验小学分校-南门, 118.191667, 24.480008
福建省厦门双十中学思明分校-东门, 118.192722, 24.482274
厦门第二实验小学分校-东北1门, 118.191067, 24.481446
湖里区宝拓大厦娜瑜伽学校, 118.192921, 24.533865
厦门第二实验小学分校-东北门, 118.191323, 24.48118
厦门第二实验小学分校-南门, 118.191667, 24.480008
福建省厦门双十中学思明分校-东门, 118.192722, 24.482274
厦门第二实验小学分校-东北1门, 118.191067, 24.481446
湖里区宝拓大厦娜瑜伽学校, 118.192921, 24.533865
厦门第二实验小学分校-东北门, 118.191323, 24.48118
厦门第二实验小学分校-南门, 118.191667, 24.480008
福建省厦门双十中学思明分校-东门, 118.192722, 24.482274
厦门第二实验小学分校-东北1门, 118.191067, 24.481446
湖里区宝拓大厦娜瑜伽学校, 118.192921, 24.533865
厦门第二实验小学分校-东北门, 118.191323, 24.48118
厦门第二实验小学分校-南门, 118.191667, 24.480008
福建省厦门双十中学思明分校-东门, 118.192722, 24.482274
厦门第二实验小学分校-东北1门, 118.191067, 24.481446
湖里区宝拓大厦娜瑜伽学校, 118.192921, 24.533865
